ID#,Hostname,Location,NetID,Serial Number,Manufacturer,Model,Operating System,IP Address,MAC Address
1,LEBFCT4Tester,LEB,lebfct4tester\development, N o t   A p p l i c a b l e     , N a t i o n a l   I n s t r u m e n t s     , N I   P X I - 8 1 1 9   E m b e d d e d   C o n t r o l l e r     ,Windows 7,192.168.2.103 ,00-80-2F-25-43-ED|00-80-2F-25-43-EC
2,LEBFCT4Handler,LEB,lebfct4handler\microbase, T o   b e   f i l l e d   b y   O . E . M .     , T o   b e   f i l l e d   b y   O . E . M .     , T o   b e   f i l l e d   b y   O . E . M .     ,Windows 7,10.207.134.56 ,C4-00-AD-28-A0-A6|C4-00-AD-28-A0-A5
3,WINDOWS-O5NT3FE,LEB,windows-o5nt3fe\microbase, T o   b e   f i l l e d   b y   O . E . M .     , T o   b e   f i l l e d   b y   O . E . M .     , T o   b e   f i l l e d   b y   O . E . M .     ,Windows 7,10.207.133.64 ,00-0B-AB-BB-DD-73|00-0B-AB-BB-DD-72
4,ECDPXI258FCT2,LEB,ecdpxi258fct2\development, N o t   A p p l i c a b l e     , N a t i o n a l   I n s t r u m e n t s     , N I   P X I - 8 1 1 9   E m b e d d e d   C o n t r o l l e r     ,Windows 7,192.168.2.100 ,00-80-2F-23-F1-36|00-80-2F-23-F1-35
5,microbasePRCQV,LEB,microbaseprcqv\microbase, C B P T B X 0 0 5 7 5 3     , A S U S T e K   C o m p u t e r   I N C .     , E T 2 0 1 2 E     ,Windows 7,10.207.133.90 ,10-00-07-00-33-00
6,ECDPXI258FCT1,LEB,ecdpxi258fct1\development, N o t   A p p l i c a b l e     , N a t i o n a l   I n s t r u m e n t s     , N I   P X I - 8 1 0 9   E m b e d d e d   C o n t r o l l e r     ,Windows 7,192.168.2.2 ,00-80-2F-14-6B-65|00-80-2F-14-6B-66
7,LEBFL2,LEB,lebfl2\microbase, T o   b e   f i l l e d   b y   O . E . M .     , T o   b e   f i l l e d   b y   O . E . M .     , T o   b e   f i l l e d   b y   O . E . M .     ,Windows 7,10.207.133.113 ,00-0B-AB-D8-F4-C1|00-0B-AB-D8-F4-C0
8,User-PC202,LEB,user-pc202\microbase, T o   b e   f i l l e d   b y   O . E . M .     , T o   b e   f i l l e d   b y   O . E . M .     , T o   b e   f i l l e d   b y   O . E . M .     ,Windows 7,10.207.133.86 ,00-0B-AB-42-D9-B8|00-0B-AB-42-D9-B7
9,FA3-LEB-CMI,LEB,fa3-leb-cmi\microbase, T o   b e   f i l l e d   b y   O . E . M .     , T o   b e   f i l l e d   b y   O . E . M .     , T o   b e   f i l l e d   b y   O . E . M .     ,Windows 7,10.207.133.123 ,00-0B-AB-D8-F1-FA|00-0B-AB-D8-F1-F9
10,Microbase4JGH6,LEB,microbase4jgh6\microbase, T o   b e   f i l l e d   b y   O . E . M .     , T o   b e   f i l l e d   b y   O . E . M .     , T o   b e   f i l l e d   b y   O . E . M .     ,Windows 7,10.207.128.215 ,00-0B-AB-8C-46-3C|00-0B-AB-42-D9-EE
11,LEBLeakTestEOL,LEB,lebleaktesteol\microbase, T o   b e   f i l l e d   b y   O . E . M .     , T o   b e   f i l l e d   b y   O . E . M .     , T o   b e   f i l l e d   b y   O . E . M .     ,Windows 7,10.207.135.111 ,C4-00-AD-20-5D-50|C4-00-AD-20-A9-7C
12,Cimple-FA3STA38,LEB,, 0 1 2 3 4 5 6 7 8 9         , P h o e n i x A w a r d     , 9 4 5 G M     ,Windows XP,10.207.134.145,00-80-4C-A4-87-5B
13,FA3-STA37,LEB,fa3-sta37\microbase, T o   b e   f i l l e d   b y   O . E . M .     , T o   b e   f i l l e d   b y   O . E . M .     , T o   b e   f i l l e d   b y   O . E . M .     ,Windows 7,10.207.135.202 ,C4-00-AD-16-0A-CD|C4-00-AD-16-9B-3D
14,Micro-FA3-STA36,LEB,micro-fa3-sta36\microbase, C B P T B X 0 0 5 8 3 1     , A S U S T e K   C o m p u t e r   I N C .     , E T 2 0 1 2 E     ,Windows 7,10.207.134.171 ,94-DB-C9-B3-41-48|50-46-5D-CF-1E-F3
15,Cimple-FA3STA34,LEB,, 0 1 2 3 4 5 6 7 8 9         , P h o e n i x A w a r d     , 9 4 5 G M     ,Windows XP,10.207.134.168,00-80-4C-A4-87-4A
16,FA3-LEBSealant,LEB,fa3-lebsealant\microbase, T o   b e   f i l l e d   b y   O . E . M .     , T o   b e   f i l l e d   b y   O . E . M .     , T o   b e   f i l l e d   b y   O . E . M .     ,Windows 7,10.207.135.211 ,C4-00-AD-29-21-9C|C4-00-AD-28-53-F1
17,WINDOWS-S683T8H,LEB,windows-s683t8h\microbox, T o   b e   f i l l e d   b y   O . E . M .     , T o   b e   f i l l e d   b y   O . E . M .     , T o   b e   f i l l e d   b y   O . E . M .     ,Windows 7,10.207.135.60 ,00-0B-AB-9F-67-B1|00-0B-AB-9F-94-AD
18,DESKTOP-NALS4UU,LEB,desktop-nals4uu\leb_sealant_review, B T 5 X M D 2               , D e l l   I n c .           , O p t i P l e x   3 0 4 0     ,Windows 10,10.207.135.93 ,18-66-DA-43-9D-EC
19,Micro-FA3-STA32,LEB,micro-fa3-sta32\microbase, D 7 P T B X 0 1 3 1 3 9     , A S U S T e K   C o m p u t e r   I N C .     , E T 2 0 1 3 I     ,Windows 7,10.207.134.166 ,24-0A-64-2B-1C-AC|AC-22-0B-53-BA-6D
20,FA3-STA31P5,LEB,fa3-sta31p5\microbase, T o   b e   f i l l e d   b y   O . E . M .     , T o   b e   f i l l e d   b y   O . E . M .     , T o   b e   f i l l e d   b y   O . E . M .     ,Windows 7,10.207.132.69 ,C4-00-AD-16-0C-74|C4-00-AD-16-9B-8F
21,Micro-FA3-STA31,LEB,micro-fa3-sta31\microbase, T o   b e   f i l l e d   b y   O . E . M .     , T o   b e   f i l l e d   b y   O . E . M .     , T o   b e   f i l l e d   b y   O . E . M .     ,Windows 7,10.207.134.226 ,00-0B-AB-A2-24-C0|00-0B-AB-A2-19-A0
22,Cimple-FA3STA30,LEB,, 0 1 2 3 4 5 6 7 8 9         , P h o e n i x A w a r d     , 9 4 5 G M     ,Windows XP,10.207.134.163,00-80-4C-A4-87-67
23,Micro-FA3-STA28,LEB,micro-fa3-sta28\microbase, C B P T B X 0 0 5 7 0 9     , A S U S T e K   C o m p u t e r   I N C .     , E T 2 0 1 2 E     ,Windows 7,10.207.134.161 ,94-DB-C9-B3-41-90|50-46-5D-CF-1E-76
24,FA3-STA27,LEB,fa3-sta27\microbase, T o   b e   f i l l e d   b y   O . E . M .     , T o   b e   f i l l e d   b y   O . E . M .     , T o   b e   f i l l e d   b y   O . E . M .     ,Windows 7,10.207.135.205|192.168.0.2 ,C4-00-AD-16-0A-C0|C4-00-AD-16-9B-5E
25,Micro-FA3-STA26,LEB,micro-fa3-sta26\microbase, C B P T B X 0 0 5 8 3 5     , A S U S T e K   C o m p u t e r   I N C .     , E T 2 0 1 2 E     ,Windows 7,10.207.134.143 ,94-DB-C9-B3-40-E6|50-46-5D-CF-1E-CF
26,Cimple-FA3STA24,LEB,, 0 1 2 3 4 5 6 7 8 9         , P h o e n i x A w a r d     , 9 4 5 G M     ,Windows XP,10.207.134.158,00-80-4C-A4-81-8E
27,Micro-FA3-STA22,LEB,micro-fa3-sta22\microbase, C B P T B X 0 0 5 6 9 7     , A S U S T e K   C o m p u t e r   I N C .     , E T 2 0 1 2 E     ,Windows 7,10.207.134.156 ,DC-85-DE-1A-FB-DA|50-46-5D-CF-1D-F0
28,LEB_HSG_SUB4,LEB,leb_hsg_sub4\microbase, T o   b e   f i l l e d   b y   O . E . M .     , T o   b e   f i l l e d   b y   O . E . M .     , T o   b e   f i l l e d   b y   O . E . M .     ,Windows 7,10.207.135.110 ,C4-00-AD-16-0A-67|C4-00-AD-16-9B-CC
29,LEB_HSG_SUB3,LEB,leb_hsg_sub3\microbase, T o   b e   f i l l e d   b y   O . E . M .     , T o   b e   f i l l e d   b y   O . E . M .     , T o   b e   f i l l e d   b y   O . E . M .     ,Windows 7,10.207.135.106 ,C4-00-AD-16-0A-F2|C4-00-AD-16-9B-0C
30,LEB_HSG_SUB2,LEB,leb_hsg_sub2\microbase, T o   b e   f i l l e d   b y   O . E . M .     , T o   b e   f i l l e d   b y   O . E . M .     , T o   b e   f i l l e d   b y   O . E . M .     ,Windows 7,10.207.135.114|192.168.0.2 ,C4-00-AD-16-0C-11|C4-00-AD-16-9B-CD
31,LEB_HSG_SUB1,LEB,leb_hsg_sub1\microbase, T o   b e   f i l l e d   b y   O . E . M .     , T o   b e   f i l l e d   b y   O . E . M .     , T o   b e   f i l l e d   b y   O . E . M .     ,Windows 7,192.168.0.2|10.207.135.109,C4-00-AD-16-9A-EF|C4-00-AD-16-0A-BA
32,Micro-FA3-SUB0,LEB,micro-fa3-sub0\microbase, T o   b e   f i l l e d   b y   O . E . M .     , T o   b e   f i l l e d   b y   O . E . M .     , T o   b e   f i l l e d   b y   O . E . M .     ,Windows 7,10.207.135.152 ,00-0B-AB-C1-69-67|00-0B-AB-C2-DB-F1
33,KMS_FA3_STA18MB,LEB,kms_fa3_sta18mb\microbase, T o   b e   f i l l e d   b y   O . E . M .     , T o   b e   f i l l e d   b y   O . E . M .     , T o   b e   f i l l e d   b y   O . E . M .     ,Windows 7,10.207.135.79 ,C4-00-AD-16-0C-7D|C4-00-AD-16-9B-8C
34,KMS_FA3_STA17MB,LEB,kms_fa3_sta17mb\microbase, T o   b e   f i l l e d   b y   O . E . M .     , T o   b e   f i l l e d   b y   O . E . M .     , T o   b e   f i l l e d   b y   O . E . M .     ,Windows 7,10.207.135.77 ,C4-00-AD-2C-76-F1|C4-00-AD-2D-F5-A4
35,Micro-FA3-STA16,LEB,micro-fa3-sta16\microbase, C B P T B X 0 0 5 8 5 3     , A S U S T e K   C o m p u t e r   I N C .     , E T 2 0 1 2 E     ,Windows 7,10.207.133.196 ,94-DB-C9-B3-41-A7|50-46-5D-CF-1C-72
36,Cimple-FA3STA14,LEB,, 0 1 2 3 4 5 6 7 8 9         , P h o e n i x A w a r d     , 9 4 5 G M     ,Windows XP,10.207.134.150,00-80-4C-A4-87-45
37,Micro-FA3-STA12,LEB,micro-fa3-sta12\microbase, C B P T B X 0 0 5 7 8 6     , A S U S T e K   C o m p u t e r   I N C .     , E T 2 0 1 2 E     ,Windows 7,10.207.134.148 ,94-DB-C9-B3-3F-E9|50-46-5D-CF-1E-7C
38,Micro-FA3-STA10,LEB,micro-fa3-sta10\microbase, C B P T B X 0 0 5 8 4 4     , A S U S T e K   C o m p u t e r   I N C .     , E T 2 0 1 2 E     ,Windows 7,10.207.134.153 ,FE-85-DE-1A-EC-A3|50-46-5D-CF-1D-97|DC-85-DE-1A-EC-A3
39,Cimple-FA3STA08,LEB,, 0 1 2 3 4 5 6 7 8 9         , P h o e n i x A w a r d     , 9 4 5 G M     ,Windows XP,10.207.134.137,00-80-4C-A4-87-48
40,Micro-FA3-STA06,LEB,micro-fa3-sta06\microbase, C B P T B X 0 0 5 7 7 5     , A S U S T e K   C o m p u t e r   I N C .     , E T 2 0 1 2 E     ,Windows 7,10.207.134.135 ,DC-85-DE-1A-FB-E3|50-46-5D-CF-1D-DD
41,Cimple-FA3STA04,LEB,, 0 1 2 3 4 5 6 7 8 9         , P h o e n i x A w a r d     , 9 4 5 G M     ,Windows XP,10.207.134.132,00-80-4C-A4-84-09
42,FinalLine3,LEB,finalline3\finalassembly3, 5 K R 5 J 4 2               , D e l l   I n c .           , I n s p i r o n   2 0   M o d e l   3 0 4 3     ,Windows 10,10.207.132.67 ,B8-2A-72-F9-59-88|48-E2-44-6F-A4-BE
43,Micro-FA6-STA01,LEB,micro-fa6-sta01\microbase, T o   b e   f i l l e d   b y   O . E . M .     , T o   b e   f i l l e d   b y   O . E . M .     , T o   b e   f i l l e d   b y   O . E . M .     ,Windows 7,10.207.135.212 ,C4-00-AD-41-40-86|C4-00-AD-41-08-E3
44,Micro-FA6-STA02,LEB,micro-fa6-sta02\microbase, T o   b e   f i l l e d   b y   O . E . M .     , T o   b e   f i l l e d   b y   O . E . M .     , T o   b e   f i l l e d   b y   O . E . M .     ,Windows 7,10.207.135.222 ,C4-00-AD-3F-72-01|C4-00-AD-41-07-90
45,Micro-FA6-STA03,LEB,micro-fa6-sta03\microbase, T o   b e   f i l l e d   b y   O . E . M .     , T o   b e   f i l l e d   b y   O . E . M .     , T o   b e   f i l l e d   b y   O . E . M .     ,Windows 7,10.207.135.237 ,C4-00-AD-41-40-CA|C4-00-AD-41-00-4E
46,Cimple-FA6STA06,LEB,, 0 1 2 3 4 5 6 7 8 9         , P h o e n i x A w a r d     , 9 4 5 G M     ,Windows XP,10.207.135.224,00-80-4C-A4-83-DC
47,Micro-FA6-STA08,LEB,micro-fa6-sta08\microbase, T o   b e   f i l l e d   b y   O . E . M .     , T o   b e   f i l l e d   b y   O . E . M .     , T o   b e   f i l l e d   b y   O . E . M .     ,Windows 7,10.207.135.226 ,C4-00-AD-41-43-24|C4-00-AD-40-FF-79
48,Cimple-FA6STA10,LEB,, 0 1 2 3 4 5 6 7 8 9         , P h o e n i x A w a r d     , 9 4 5 G M     ,Windows XP,10.207.132.89,00-80-4C-A4-81-42
49,Micro-FA6-STA12,LEB,micro-fa6-sta12\microbase, T o   b e   f i l l e d   b y   O . E . M .     , T o   b e   f i l l e d   b y   O . E . M .     , T o   b e   f i l l e d   b y   O . E . M .     ,Windows 7,10.207.135.227 ,C4-00-AD-3F-71-16|C4-00-AD-3F-3E-F1
50,Cimple-FA6STA14,LEB,, 0 1 2 3 4 5 6 7 8 9         , P h o e n i x A w a r d     , 9 4 5 G M     ,Windows XP,10.207.135.228,00-80-4C-A4-82-E1
51,Micro-FA6-STA16,LEB,micro-fa6-sta16\microbase, T o   b e   f i l l e d   b y   O . E . M .     , T o   b e   f i l l e d   b y   O . E . M .     , T o   b e   f i l l e d   b y   O . E . M .     ,Windows 7,10.207.132.82 ,C4-00-AD-41-40-CB|C4-00-AD-41-00-77
52,Cimple-FA6STA18,LEB,, 0 1 2 3 4 5 6 7 8 9         , P h o e n i x A w a r d     , 9 4 5 G M     ,Windows XP,10.207.135.231,00-80-4C-A4-81-54
53,DCXR6H03,LEB,dcxr6h03\pillaradmin, C X R 6 H 0 3               , D e l l   I n c .           , O p t i P l e x   X E 3     ,Windows 10,10.207.135.94 ,E4-54-E8-80-35-AF
54,DCXRYG03,LEB,dcxryg03\pillaradmin, C X R Y G 0 3               , D e l l   I n c .           , O p t i P l e x   X E 3     ,Windows 10,10.207.135.65 ,E4-54-E8-80-2D-51
55,DESKTOP-BJOFNV9,LEB,desktop-bjofnv9\fa6_selectsolder, 4 T J J 4 Z 2               , D e l l   I n c .           , O p t i P l e x   3 0 6 0     ,Windows 10,10.207.135.10 ,E4-54-E8-9B-A7-92
56,XT-1329,LEB,xt-1329\root, C Z C 0 0 8 8 5 M S         , H P                         , H P   Z 4   G 4   W o r k s t a t i o n     ,Windows 10,10.207.135.75|172.31.0.1,9C-7B-EF-41-57-4F|9C-7B-EF-41-57-4E
57,VERA-C47,LEB,vera-c47\root, 8 C C 9 5 0 4 C 4 7         , H P                         , H P   E l i t e D e s k   7 0 5   G 4   D M   6 5 W     ,Windows 10,10.207.135.123 ,E8-D8-D1-3F-CA-16|80-32-53-8C-99-3E|80-32-53-8C-99-3F|82-32-53-8C-99-3E|00-24-9B-50-FF-DA
58,Micro-FA6-STA21,LEB,micro-fa6-sta21\microbase, T o   b e   f i l l e d   b y   O . E . M .     , T o   b e   f i l l e d   b y   O . E . M .     , T o   b e   f i l l e d   b y   O . E . M .     ,Windows 7,10.207.135.239 ,C4-00-AD-3F-70-FD|C4-00-AD-3F-3E-EF
59,Cimple-FA6STA22,LEB,, 0 1 2 3 4 5 6 7 8 9         , P h o e n i x A w a r d     , 9 4 5 G M     ,Windows XP,10.207.135.235,00-80-4C-A4-83-3A
60,kmshipot04,LEB,kmshipot04\microbase, T o   b e   f i l l e d   b y   O . E . M .     , T o   b e   f i l l e d   b y   O . E . M .     , T o   b e   f i l l e d   b y   O . E . M .     ,Windows 7,10.207.135.83 ,00-0B-AB-42-62-B9|00-0B-AB-42-62-01
61,DESKTOP-9356RTH,LEB,desktop-9356rth\cureinpc, H 6 T 4 J 4 2               , D e l l   I n c .           , I n s p i r o n   2 0   M o d e l   3 0 4 3     ,Windows 10,10.207.134.5 ,4C-BB-58-F2-DF-5D|1E-BB-58-F2-DF-5D|2E-BB-58-F2-DF-5D|20-47-47-70-97-7E|4C-BB-58-F2-DF-5E
62,microbase9G3WK,LEB,microbase9g3wk\microbase, C B P T B X 0 0 5 7 4 7     , A S U S T e K   C o m p u t e r   I N C .     , E T 2 0 1 2 E     ,Windows 7,10.207.134.6 ,94-DB-C9-B3-41-C3|50-46-5D-CF-1E-5B
63,ECDPXI214a,LEB,ecdpxi214a\development,N o t   A p p l i c a b l e     , N a t i o n a l   I n s t r u m e n t s     , N I   P X I - 8 1 1 9   E m b e d d e d   C o n t r o l l e r     ,Windows 7,192.168.2.2 ,00-80-2F-25-60-EF|00-80-2F-25-60-F0
64,ChargerFCT3PXI,LEB,chargerfct3pxi\development, N o t   A p p l i c a b l e     , N a t i o n a l   I n s t r u m e n t s     , N I   P X I - 8 1 0 8   E m b e d d e d   C o n t r o l l e r     ,Windows 7,192.168.2.2 ,00-80-2F-12-C7-41
65,chargerLeak,LEB,,                             , I N T E L R                 , A W R D A C P I     ,Windows XP,10.207.133.74,00-0B-AB-48-64-50
66,microbaseNQL66J,LEB,microbasenql66j\microbase, T o   b e   f i l l e d   b y   O . E . M .     , T o   b e   f i l l e d   b y   O . E . M .     , T o   b e   f i l l e d   b y   O . E . M .     ,Windows 7,10.207.133.71 ,00-0B-AB-8A-2B-CC|00-0B-AB-8A-2B-01
67,SLEFCT3Micro,LEB,slefct3micro\microbase, T o   b e   f i l l e d   b y   O . E . M .     , T o   b e   f i l l e d   b y   O . E . M .     , T o   b e   f i l l e d   b y   O . E . M .     ,Windows 7,10.207.133.225 ,C4-00-AD-28-A0-92|00-0B-AB-8A-2B-01
68,kmsprg04,LEB,, T o   b e   f i l l e d   b y   O . E . M .     , T o   b e   f i l l e d   b y   O . E . M .     , T o   b e   f i l l e d   b y   O . E . M .     ,Windows XP,10.207.133.81,00-0B-AB-8E-6D-13
69,USER-339487FFCE,LEB,,                             , I N T E L R                 , A W R D A C P I     ,Windows XP,10.207.133.83,00-0B-AB-34-B0-CC
70,WINDOWS-EPNVF5Q,LEB,windows-epnvf5q\microbase, T o   b e   f i l l e d   b y   O . E . M .     , T o   b e   f i l l e d   b y   O . E . M .     , T o   b e   f i l l e d   b y   O . E . M .     ,Windows 7,10.207.133.72 ,00-0B-AB-C7-F5-F3|00-0B-AB-C8-0D-ED
71,MICRO-SPAHiPot,LEB,micro-spahipot\microbase, T o   b e   f i l l e d   b y   O . E . M .     , T o   b e   f i l l e d   b y   O . E . M .     , T o   b e   f i l l e d   b y   O . E . M .     ,Windows 7,10.207.133.77 ,00-0B-AB-89-99-52|00-0B-AB-89-99-51
72,SPAFCT1,LEB,spafct1\microbase, T o   b e   f i l l e d   b y   O . E . M .     , T o   b e   f i l l e d   b y   O . E . M .     , T o   b e   f i l l e d   b y   O . E . M .     ,Windows 7,10.207.133.73 ,00-0B-AB-B9-D7-9C|00-0B-AB-B9-D7-9B
73,WINDOWS-M8UR8KU,LEB,windows-m8ur8ku\administrator,,,,Windows 7,10.207.133.76 ,00-0B-AB-81-57-4A|00-0B-AB-81-57-48
74,OEM-HNAJGEKEVLX,LEB,,                             , I N T E L R                 , A W R D A C P I     ,Windows XP,,00-D0-C9-B7-B4-DA
75,WINDOWS-C3LFL8R,LEB,windows-c3lfl8r\microbase, T o   b e   f i l l e d   b y   O . E . M .     , T o   b e   f i l l e d   b y   O . E . M .     , T o   b e   f i l l e d   b y   O . E . M .     ,Windows 7,10.207.133.80 ,00-0B-AB-A0-F1-D9|00-0B-AB-A1-55-6F
76,MB-FJ6IHGO,Daimler Test,mb-fj6ihgo\microbase, T o   b e   f i l l e d   b y   O . E . M .     , T o   b e   f i l l e d   b y   O . E . M .     , T o   b e   f i l l e d   b y   O . E . M .     ,Windows 7,10.207.133.216 ,00-0B-AB-D2-76-AB|00-0B-AB-D2-76-AA
77,WINDOWS-IEPORE9,Daimler Test,windows-iepore9\microbase, T o   b e   f i l l e d   b y   O . E . M .     , T o   b e   f i l l e d   b y   O . E . M .     , T o   b e   f i l l e d   b y   O . E . M .     ,Windows 7,10.207.133.206 ,00-0B-AB-E2-52-79|00-0B-AB-E7-8A-28
78,MB-TGHRSPx,Daimler Test,mb-tghrspx\test, T o   B e   F i l l e d   B y   O . E . M .     , T o   B e   F i l l e d   B y   O . E . M .     , T o   B e   F i l l e d   B y   O . E . M .     ,Windows 7,10.207.133.241 ,A8-A1-59-6E-10-78|A8-A1-59-6E-09-88
79,MB-TGHRSP2,Daimler Test,mb-tghrsp2\microbase, T o   b e   f i l l e d   b y   O . E . M .     , T o   b e   f i l l e d   b y   O . E . M .     , T o   b e   f i l l e d   b y   O . E . M .     ,Windows 7,10.207.133.208 ,00-0B-AB-D2-9C-AF|00-0B-AB-D2-9C-AE
80,BWGME002,Daimler Test,bwgme002\administrator, A K A T 7 1 0 3 5 4         , D e f a u l t   s t r i n g     , D e f a u l t   s t r i n g     ,Windows 7,192.168.2.2|10.207.133.31 ,C4-00-AD-69-53-22|C4-00-AD-69-53-23
81,DESKTOP-15DVQQ4,Daimler Test,desktop-15dvqq4\operator, 4 T H T 4 Z 2               , D e l l   I n c .           , O p t i P l e x   3 0 6 0     ,Windows 10,10.207.134.103 ,E4-54-E8-9B-A8-1C
82,ACHA002134,Daimler Test,acha002134\microbase, T o   b e   f i l l e d   b y   O . E . M .     , T o   b e   f i l l e d   b y   O . E . M .     , T o   b e   f i l l e d   b y   O . E . M .     ,Windows 7,10.207.134.104 ,00-0B-AB-D3-A4-42|00-0B-AB-D7-BE-D1
83,BWGME015,Daimler Test,bwgme015\administrator, D e f a u l t   s t r i n g     , D e f a u l t   s t r i n g     , D e f a u l t   s t r i n g     ,Windows 7,192.168.2.2|10.207.133.150 ,C4-00-AD-7E-5D-85|C4-00-AD-7E-5D-86
84,DESKTOP-TTGFAVU,Daimler Test,desktop-ttgfavu\microbase, D e f a u l t   s t r i n g     , D e f a u l t   s t r i n g     , D e f a u l t   s t r i n g     ,Windows 10,192.168.0.10|10.207.133.160  ,C4-00-AD-57-4E-46|C4-00-AD-57-4E-47
85,MB-202410-XX,Daimler Test,mb-202410-xx\microbase, D e f a u l t   s t r i n g     , D e f a u l t   s t r i n g     , D e f a u l t   s t r i n g     ,Windows 7,10.207.133.35 ,C4-00-AD-6B-C7-13|C4-00-AD-6B-C7-12
86,BWGME003,Daimler Test,bwgme003\administrator, A K A T 7 1 0 3 5 0         , D e f a u l t   s t r i n g     , D e f a u l t   s t r i n g     ,Windows 7,192.168.2.2|10.207.133.33  ,C4-00-AD-69-52-E6|C4-00-AD-69-52-E7
87,MB-202410-XY,Daimler Test,mb-202410-xy\microbase, D e f a u l t   s t r i n g     , D e f a u l t   s t r i n g     , D e f a u l t   s t r i n g     ,Windows 7,10.207.133.34 ,C4-00-AD-6B-C4-7D|C4-00-AD-6B-C4-7C
88,ECDPXI429,Daimler Test,ecdpxi429\administrator, A K A F 7 3 4 3 5 6         , T o   b e   f i l l e d   b y   O . E . M .     , T o   b e   f i l l e d   b y   O . E . M .     ,Windows 7,192.168.2.2|10.207.133.204 ,00-0B-AB-DE-AC-A9|00-0B-AB-DE-AC-A8
89,DESKTOP-EH755JQ,Daimler Test,desktop-eh755jq\daimler_oven_out, B W L L 9 0 2               , D e l l   I n c .           , I n s p i r o n   3 4 7 5   A I O     ,Windows 10,10.207.135.133 ,D8-9E-F3-8C-8C-FC|FC-01-7C-52-6E-75|FC-01-7C-52-6E-76
90,85700-01,Daimler Test,85700-01\administrator, A K A F 1 9 1 6 4 3         , T o   b e   f i l l e d   b y   O . E . M .     , T o   b e   f i l l e d   b y   O . E . M .     ,Windows 7,10.207.133.198|192.168.2.2 ,00-0B-AB-D8-13-6F|00-0B-AB-D8-13-6E
91,202420-01,Daimler Test,202420-01\administrator, A K A T 7 1 0 3 9 9         , D e f a u l t   s t r i n g     , D e f a u l t   s t r i n g     ,Windows 7,10.207.133.179|192.168.2.2  ,C4-00-AD-69-52-F0|C4-00-AD-69-52-F1
92,202420-02,Daimler Test,202420-02\administrator, A K A T 7 1 0 3 1 5         , D e f a u l t   s t r i n g     , D e f a u l t   s t r i n g     ,Windows 7,10.207.133.180|192.168.2.2  ,C4-00-AD-69-52-30|C4-00-AD-69-52-31
93,300060-01,Daimler Test,300060-01\administrator, 1 2 3 4 5 6 7 8 9           , D F I   I n c .             , S K L - U L T     ,Windows 7,192.168.2.2|10.207.128.143 ,00-01-29-AB-2B-BC|00-01-29-AB-2B-BB
94,300060-03,Daimler Test,300060-03\administrator, 1 2 3 4 5 6 7 8 9           , D F I   I n c .             , S K L - U L T     ,Windows 7,192.168.2.2|10.207.133.85,00-01-29-AB-2B-BA|00-01-29-AB-2B-B9
95,300060-02,Daimler Test,300060-02\administrator, 1 2 3 4 5 6 7 8 9           , D F I   I n c .             , S K L - U L T     ,Windows 7,192.168.2.2|10.207.133.62  ,00-01-29-AB-2B-5B|00-01-29-AB-2B-5A
96,LBL-VERIFICATION,Daimler Test,lbl-verificatio\productionpc, F N V P W M 1               , D e l l   I n c .           , L a t i t u d e   E 5 4 1 0     ,Windows 7,10.207.130.115 ,C0-CB-38-42-DC-9B|F0-4D-A2-A7-D0-DC
97,DESKTOP-86G4JLP,Daimler Test,desktop-86g4jlp\daimler_oven_in,,,,Windows 10,10.207.135.63 ,FC-01-7C-52-DE-A3|D8-9E-F3-8C-8F-6C|FC-01-7C-52-DE-A4
98,DESKTOP-Q3U9MLQ,Daimler Test,desktop-q3u9mlq\qualmark, 3 T Z 0 J L 2               , D e l l   I n c .           , O p t i P l e x   5 0 5 0     ,Windows 10,10.207.133.226|121.165.141.154,00-E0-4C-12-17-63|50-9A-4C-15-D2-A3
99,MICROBASE-Daimler,Daimler Test,microbase-daiml\microbase, T o   b e   f i l l e d   b y   O . E . M .     , T o   b e   f i l l e d   b y   O . E . M .     , T o   b e   f i l l e d   b y   O . E . M .     ,Windows 7,10.207.133.199 ,00-0B-AB-CB-BB-B0|00-0B-AB-CB-BB-AF
100,WINDOWS-NUCQ63M,Daimler Test,windows-nucq63m\microbase, T o   b e   f i l l e d   b y   O . E . M .     , T o   b e   f i l l e d   b y   O . E . M .     , T o   b e   f i l l e d   b y   O . E . M .     ,Windows 7,10.207.133.205 ,00-0B-AB-D7-CB-0B|00-0B-AB-D7-BD-30
101,LineOneCure-PC,Daimler Test,lineonecure-pc\lineonecure, 4 L V P W M 1               , D e l l   I n c .           , L a t i t u d e   E 5 4 1 0     ,Windows 7 ,10.207.134.50 ,C0-CB-38-42-96-A1|F0-4D-A2-A7-D1-93
102,DESKTOP-L0MP09R,Daimler Test,desktop-l0mp09r\fordcurepc, B T 4 5 N D 2    , D e l l   I n c .      , O p t i P l e x   3 0 4 0     ,Windows 10,10.207.135.81 ,18-66-DA-42-FB-B4
103,USER-CAFF570D72,Daimler Test,,                             , I N T E L R                 , A W R D A C P I     ,Windows XP,10.207.134.26,00-0B-AB-34-B0-B7 
104,kmsprg02,Daimler Test,,                             , I N T E L R                 , A W R D A C P I     ,Windows XP,10.207.134.54,00-0B-AB-31-C7-A3|FF-FF-FF-FF-FF-FF-FF-FF|0A-CF-86-36
105,ECDPXI220,Daimler Test,, 0 0 0 0 0 0 0 0 0 0         , N a t i o n a l   I n s t r u m e n t s     , N I   P X I - 8 1 0 6   E m b e d d e d   C o n t r o l l e r     ,Windows XP,192.168.2.2,00-80-2F-11-D4-E5
106,kmshipot01,Daimler Test,,                             , I N T E L R                 , A W R D A C P I     ,Windows XP,10.207.134.53,00-0B-AB-2F-47-68
107,Micro-FA5-STA07,Daimler Test,,                             , I N T E L R                 , A W R D A C P I     ,Windows XP,10.207.134.42,00-0B-AB-31-C7-22
108,Cimple-FA5STA05,Daimler Test,, 0 1 2 3 4 5 6 7 8 9         , P h o e n i x A w a r d     , 9 4 5 G M     ,Windows XP,10.207.134.40,00-80-4C-A4-83-16
109,Micro-FA5-STA03,Daimler Test,,                             , I N T E L R                 , A W R D A C P I     ,Windows XP,10.207.134.113,00-0B-AB-3E-14-AD
110,WINDOWS-5CS8U98,Heatsink,windows-5cs8u98\microbase,T o   b e   f i l l e d   b y   O . E . M .     , T o   b e   f i l l e d   b y   O . E . M .     , T o   b e   f i l l e d   b y   O . E . M .     ,Windows 7,10.207.132.41 ,00-0B-AB-C9-06-EE|00-0B-AB-CB-07-EA
111,WINDOWS-FIB52KU,Heatsink,windows-fib52ku\microbase, T o   b e   f i l l e d   b y   O . E . M .     , T o   b e   f i l l e d   b y   O . E . M .     , T o   b e   f i l l e d   b y   O . E . M .     ,Windows 7,10.207.132.42 ,00-0B-AB-C9-0B-7F|00-0B-AB-CB-06-0D
112,LW-INSPECT-1,Heatsink,lw-inspect-1\microbase, C 8 P T A S 0 0 2 5 3 1     , A S U S T e K   C o m p u t e r   I N C .     , E T 2 0 1 2 E     ,Windows 7,10.207.136.43 ,30-85-A9-10-40-FC
113,LASER-WELDER-4,Heatsink,laser-welder-4\operator,                             , _                           , _             ,Windows 7,10.207.136.41|192.6.94.1|172.16.240.1|192.168.3.1 ,00-00-00-00-00-01|A0-36-9F-87-56-71|A0-36-9F-87-56-70|00-07-B8-DF-D9-0D
114,LASER-WELDER-3,Heatsink,laser-welder-3\operator,                             , _                           , _             ,Windows 7,10.207.128.103|192.6.94.10|172.16.239.1|192.168.3.10 ,00-07-B8-E0-3F-7E|68-05-CA-39-9A-DF|68-05-CA-39-9A-DE|00-07-B8-E0-3F-7F
115,LW-INSPECT-2,Heatsink,lw-inspect-2\lw-inspect-2, B 9 B 4 P Y 2               , D e l l   I n c .           , O p t i P l e x   3 0 6 0     ,Windows 10,10.207.136.42 ,E4-54-E8-63-FB-9C
116,LASER-WELDER-2,Heatsink,laser-welder-2\operator,                             , _                           , _             ,Windows 7,192.6.94.10|192.168.0.1|10.207.128.26,68-05-CA-3A-38-C9|00-07-B8-E0-3F-3B|68-05-CA-3A-38-C8|00-07-B8-E0-3F-3A
117,LW-HS-PRESS-2,Heatsink,lw-hs-press-2\microbase, T o   b e   f i l l e d   b y   O . E . M .     , T o   b e   f i l l e d   b y   O . E . M .     , T o   b e   f i l l e d   b y   O . E . M .     ,Windows 7,10.207.136.34 ,00-0B-AB-E2-52-95|00-0B-AB-E4-67-F3
118,LW-HS-PRESS-1,Heatsink,lw-hs-press-1\microbase, T o   b e   f i l l e d   b y   O . E . M .     , T o   b e   f i l l e d   b y   O . E . M .     , T o   b e   f i l l e d   b y   O . E . M .     ,Windows 7,10.207.136.33 ,00-0B-AB-D3-A0-D4|00-0B-AB-D7-BF-2D
119,LASER-WELDER-1,Heatsink,laser-welder-1\operator, 3 4 G 3 D X 1               , D e l l   I n c .           , O p t i P l e x   9 0 1 0     ,Windows 7,192.168.100.5|172.16.239.1|192.6.94.10|10.207.128.36 ,B4-96-91-68-BE-13|B4-96-91-68-BE-12|B4-96-91-68-BE-11|B4-96-91-68-BE-10|00-50-B6-0E-9E-4E|B8-CA-3A-75-BE-2B
120,WINDOWS-RE8PR9U,Heatsink,windows-re8pr9u\microbase, T o   b e   f i l l e d   b y   O . E . M .     , A d v a n t e c h           , P P C - 3 1 x 0 S     ,Windows 7,10.207.136.201 ,C4-00-AD-28-8F-87|C4-00-AD-28-8F-88
121,microbaseVXDYH,Heatsink,microbasevxdyh\microbase, D 7 P T B X 0 1 3 1 4 0     , A S U S T e K   C o m p u t e r   I N C .     , E T 2 0 1 3 I     ,Windows 7,10.207.136.124 ,24-0A-64-18-2C-ED|AC-22-0B-53-BA-C4
122,User-PC204,Heatsink,user-pc204\administrator, T o   b e   f i l l e d   b y   O . E . M .     , T o   b e   f i l l e d   b y   O . E . M .     , T o   b e   f i l l e d   b y   O . E . M .     ,Windows 7,10.207.136.149 ,00-0B-AB-42-D9-B1|00-0B-AB-42-D9-B2
123,User-PC204,Heatsink,user-pc204\administrator, T o   b e   f i l l e d   b y   O . E . M .     , T o   b e   f i l l e d   b y   O . E . M .     , T o   b e   f i l l e d   b y   O . E . M .     ,Windows 7,10.207.136.149 ,00-0B-AB-42-D9-B1|00-0B-AB-42-D9-B3
124,WINDOWS-I2IQ8LA,Heatsink,windows-i2iq8la\microbase, T o   b e   f i l l e d   b y   O . E . M .     , A d v a n t e c h           , P P C - 3 1 x 0 S     ,Windows 7,10.207.136.126 ,00-0B-AB-CE-74-5F|00-0B-AB-CE-74-60
125,MB-RTH3,Heatsink,mb-rth3\microbase, T o   b e   f i l l e d   b y   O . E . M .     , T o   b e   f i l l e d   b y   O . E . M .     , T o   b e   f i l l e d   b y   O . E . M .     ,Windows 7,10.207.136.125 ,00-0B-AB-B9-D7-8E|00-0B-AB-B9-D7-8D
126,VP1-SCAN-STN,Heatsink,vp1-scan-stn\heatsinkcheck, B T 6 0 N D 2               , D e l l   I n c .           , O p t i P l e x   3 0 4 0     ,Windows 10,10.207.136.160 ,18-66-DA-43-A0-9E
127,VIPER-PLACE-1,Heatsink,, 0 1 2 3 4 5 6 7 8 9         , P h o e n i x A w a r d     , 9 4 5 G M     ,Windows XP,10.207.136.159,00-80-4C-A4-82-BA
128,HS-ASSEM-1,Heatsink,, 0 1 2 3 4 5 6 7 8 9         , P h o e n i x A w a r d     , 9 4 5 G M     ,Windows XP,10.207.136.157,00-80-4C-A4-8C-31
129,VP2-SCAN-STN,Heatsink,vp2-scan-stn\delphitech, B T 7 W M D 2               , D e l l   I n c .           , O p t i P l e x   3 0 4 0     ,Windows 10,10.207.136.155 ,18-66-DA-43-A7-AD
130,VIPER-PLACE-2,Heatsink,, 0 1 2 3 4 5 6 7 8 9         , P h o e n i x A w a r d     , 9 4 5 G M     ,Windows XP,10.207.136.154,00-80-4C-A4-83-1B
131,HS-ASSEM-2,Heatsink,, 0 1 2 3 4 5 6 7 8 9         , P h o e n i x A w a r d     , 9 4 5 G M     ,Windows XP,10.207.136.152,00-80-4C-A4-83-37
132,MB-NE1RR2V,Heatsink,mb-ne1rr2v\microbase, T o   b e   f i l l e d   b y   O . E . M .     , T o   b e   f i l l e d   b y   O . E . M .     , T o   b e   f i l l e d   b y   O . E . M .     ,Windows 7,10.207.136.128 ,00-0B-AB-D2-9C-09
133,WINDOWS-EDATDSN,Heatsink,windows-edatdsn\microbase, T o   b e   f i l l e d   b y   O . E . M .     , A d v a n t e c h           , P P C - 3 1 x 0 S     ,Windows 7,10.207.136.148 ,00-0B-AB-CE-74-BD|00-0B-AB-CE-74-BE
134,MB-1BEJEKA,Heatsink,mb-1bejeka\microbase, T o   b e   f i l l e d   b y   O . E . M .     , T o   b e   f i l l e d   b y   O . E . M .     , T o   b e   f i l l e d   b y   O . E . M .     ,Windows 7,10.207.136.113 ,00-0B-AB-D2-9B-F4|00-0B-AB-D2-9B-F3
135,WINDOWS-HCHN550,Heatsink,windows-hchn550\administrator, T o   b e   f i l l e d   b y   O . E . M .     , T o   b e   f i l l e d   b y   O . E . M .     , T o   b e   f i l l e d   b y   O . E . M .     ,Windows 7,10.207.136.129 ,00-0B-AB-D2-9B-B0|00-0B-AB-D2-9B-AF
136,WINDOWS-UFRQSH4,Heatsink,windows-ufrqsh4\microbase, T o   b e   f i l l e d   b y   O . E . M .     , T o   b e   f i l l e d   b y   O . E . M .     , T o   b e   f i l l e d   b y   O . E . M .     ,Windows 7,10.207.136.112 ,00-0B-AB-A5-B4-36|00-0B-AB-A5-B4-35
137,Computer Down,Heatsink,Computer Down,Computer Down,Computer Down,Computer Down,Computer Down,Computer Down,Computer Down
138,WINDOWS-RTH5,Heatsink,windows-rth5\administrator, T o   b e   f i l l e d   b y   O . E . M .     , T o   b e   f i l l e d   b y   O . E . M .     , T o   b e   f i l l e d   b y   O . E . M .     ,Windows 7,10.207.136.17 ,00-0B-AB-8E-6D-4D|00-0B-AB-8E-6D-4E
139,WINDOWS-DSOI0HB,Heatsink,windows-dsoi0hb\microbase, T o   b e   f i l l e d   b y   O . E . M .     , T o   b e   f i l l e d   b y   O . E . M .     , T o   b e   f i l l e d   b y   O . E . M .     ,Windows 7,10.207.136.163 ,C4-00-AD-1D-E2-6A|C4-00-AD-1D-13-74
140,WINDOWS-A110FQQ,Heatsink,windows-a110fqq\microbase, T o   b e   f i l l e d   b y   O . E . M .     , A d v a n t e c h           , P P C - 3 1 x 0 S     ,Windows 7,10.207.136.37 ,C4-00-AD-45-8A-D3|C4-00-AD-45-8A-D4
141,TIM-PLACE-2,Heatsink,tim-place-2\lgs_user, 3 C R I 1 4 0 0 0 4         , H P                         , S p r o u t   P r o   b y   H P   G 2   ( L 9 . 9   A M S )     ,Windows 10,10.207.136.35 ,10-05-01-44-FB-D6|D4-6D-6D-44-33-F6|D6-6D-6D-44-33-F6
142,TIM-PLACE-1,Heatsink,tim-place-1\microbase, T o   b e   f i l l e d   b y   O . E . M .     , T o   b e   f i l l e d   b y   O . E . M .     , T o   b e   f i l l e d   b y   O . E . M .     ,Windows 7,10.207.136.161 ,00-0B-AB-B3-86-A9|00-0B-AB-B3-60-BA
143,DESKTOP-BT3YMD2,Heatsink,desktop-bt3ymd2\operator, B T 4 Z M D 2               , D e l l   I n c .           , O p t i P l e x   3 0 4 0     ,Windows 10,10.207.136.97 ,18-66-DA-43-9C-86
144,FA1-LinePull,Daimler FA,fa1-linepull\fa1_linepull, D 4 S 5 J 4 2               , D e l l   I n c .           , I n s p i r o n   2 0   M o d e l   3 0 4 3     ,Windows 10,10.207.135.104 ,48-E2-44-A3-46-AF|1A-E2-44-A3-46-AF|2A-E2-44-A3-46-AF|B8-2A-72-F5-E8-0D|48-E2-44-A3-46-B0
145,Cimple-FA1STA13,Daimler FA,, 0 1 2 3 4 5 6 7 8 9         , P h o e n i x A w a r d     , 9 4 5 G M     ,Windows XP,10.207.135.208 ,00-80-4C-A4-83-03
146,KMS-FA1-STA11MB,Daimler FA,kms-fa1-sta11mb\microbase, T o   b e   f i l l e d   b y   O . E . M .     , T o   b e   f i l l e d   b y   O . E . M .     , T o   b e   f i l l e d   b y   O . E . M .     ,Windows 7,10.207.135.87|192.168.0.100 ,00-0B-AB-D3-A0-E3|00-0B-AB-D7-BE-30
147,KMS-FA1-STA09MB,Daimler FA,kms-fa1-sta09mb\microbase, T o   b e   f i l l e d   b y   O . E . M .     , T o   b e   f i l l e d   b y   O . E . M .     , T o   b e   f i l l e d   b y   O . E . M .     ,Windows 7,192.168.0.100|10.207.134.47 ,00-0B-AB-B3-86-95|00-0B-AB-B3-60-C2
148,KMS-FA1-STA07MB,Daimler FA,kms-fa1-sta07mb\microbase, T o   b e   f i l l e d   b y   O . E . M .     , T o   b e   f i l l e d   b y   O . E . M .     , T o   b e   f i l l e d   b y   O . E . M .     ,Windows 7,10.207.135.86|192.168.0.100 ,00-0B-AB-D7-CD-30|00-0B-AB-D7-C0-54
149,R7GS013920,Daimler FA,r7gs013920\cimplecell, T o   b e   f i l l e d   b y   O . E . M .     , T o   b e   f i l l e d   b y   O . E . M .     , T o   b e   f i l l e d   b y   O . E . M .     ,Windows 7,10.207.135.95|192.168.0.10 ,00-0B-AB-D9-32-72|00-0B-AB-D9-32-71
150,KMS-FA1-STA04MB,Daimler FA,kms-fa1-sta04mb\microbase, T o   b e   f i l l e d   b y   O . E . M .     , T o   b e   f i l l e d   b y   O . E . M .     , T o   b e   f i l l e d   b y   O . E . M .     ,Windows 7,10.207.135.85|192.168.0.100 ,00-0B-AB-D7-CB-EC|00-0B-AB-D7-BB-7E
151,KMS-FA1-STA3MB,Daimler FA,kms-fa1-sta3mb\microbase, T o   b e   f i l l e d   b y   O . E . M .     , T o   b e   f i l l e d   b y   O . E . M .     , T o   b e   f i l l e d   b y   O . E . M .     ,Windows 7,192.168.0.100|10.207.133.148 ,00-0B-AB-B3-89-8F|00-0B-AB-B3-60-74
152,WINDOWS-97T24EP,Daimler FA,windows-97t24ep\microbase, T o   b e   f i l l e d   b y   O . E . M .     , T o   b e   f i l l e d   b y   O . E . M .     , T o   b e   f i l l e d   b y   O . E . M .     ,Windows 7,192.168.0.100|10.207.134.108 ,00-0B-AB-D7-D0-8C|00-0B-AB-D7-B8-3F
153,D61YR55J,Daimler FA,, 6 1 Y R 5 5 J               , D e l l   I n c .           , O p t i P l e x   7 8 0     ,Windows XP,,BC-30-5B-BF-7D-57
154,FA1-Jade-SEL,Daimler FA,fa1-jade-sel\kms floor, 4 D P 7 1 T 2               , D e l l   I n c .           , O p t i P l e x   3 0 6 0     ,Windows 10,10.207.134.241,54-BF-64-9A-4E-6A
155,DL7Z2KGC2,Daimler Sub,delphidrive\xz1dvn,,Dell Inc.,Latitude E5470,Windows 10,10.207.145.181,E4-A4-71-00-6B-9F|E6-A4-71-00-6B-9E|E4-A4-71-00-6B-9E|E4-A4-71-00-6B-A2
156,KMS-DAIM-SUB4,Daimler Sub,kms-daim-sub4\microbase, T o   b e   f i l l e d   b y   O . E . M .     , T o   b e   f i l l e d   b y   O . E . M .     , T o   b e   f i l l e d   b y   O . E . M .     ,Windows 7,10.207.135.105|192.168.0.100 ,00-0B-AB-A8-83-9A|00-0B-AB-A5-AD-6C
157,KMS-DAIM-SUB1,Daimler Sub,kms-daim-sub1\microbase, T o   b e   f i l l e d   b y   O . E . M .     , T o   b e   f i l l e d   b y   O . E . M .     , T o   b e   f i l l e d   b y   O . E . M .     ,Windows 7,10.207.133.44|192.168.0.100 ,00-0B-AB-C7-F7-47|00-0B-AB-C7-18-EA
158,DGEN4-GEL30-CC,Daimler Sub,dgen4-gel30-cc\cimplecell, T o   b e   f i l l e d   b y   O . E . M .     , T o   b e   f i l l e d   b y   O . E . M .     , T o   b e   f i l l e d   b y   O . E . M .     ,Windows 7,10.207.135.178 ,00-0B-AB-B5-4F-96|00-0B-AB-B5-4F-95
159,KMS-DAIM-SUB2,Daimler Sub,kms-daim-sub2\microbase, T o   b e   f i l l e d   b y   O . E . M .     , T o   b e   f i l l e d   b y   O . E . M .     , T o   b e   f i l l e d   b y   O . E . M .     ,Windows 7,192.168.0.100|10.207.133.54 ,00-0B-AB-B3-86-A8|00-0B-AB-B3-60-B4
160,KMS-DAIM-SUB3,Daimler Sub,kms-daim-sub3\microbase, T o   b e   f i l l e d   b y   O . E . M .     , T o   b e   f i l l e d   b y   O . E . M .     , T o   b e   f i l l e d   b y   O . E . M .     ,Windows 7,10.207.134.239|192.168.0.100 ,00-0B-AB-E1-79-14|00-0B-AB-E2-91-9B
161,VERA-58244,Daimler Sub,vera-58244\root, 8 C C 9 5 0 4 C 5 1         , H P                         , H P   E l i t e D e s k   7 0 5   G 4   D M   6 5 W     ,Windows 10,10.207.134.23 ,E8-D8-D1-3F-C9-E3|80-32-53-8C-97-2C|80-32-53-8C-97-2D|82-32-53-8C-97-2C
162,X25H-58244,Daimler Sub,x25h-58244\root, C Z C 0 0 8 8 5 M X         , H P                         , H P   Z 4   G 4   W o r k s t a t i o n     ,Windows 10,172.31.0.1|10.207.134.19 ,9C-7B-EF-41-57-56|9C-7B-EF-41-57-57
163,SEHOPC,Daimler Sub,sehopc\sehosupport,,Bernecker + Rainer  Industrie-Elektronik,APC910,Windows 7,172.16.0.1|172.16.0.2|10.207.132.128,AA-BB-CC-DD-EE-01|00-60-65-39-76-D9|00-13-95-22-C3-8B
164,FA1-STA-1,Daimler Sub,fa1-sta-1\microbase, T o   b e   f i l l e d   b y   O . E . M .   , T o   b e   f i l l e d   b y   O . E . M .  , T o   b e   f i l l e d   b y   O . E . M .    ,Windows 7,10.207.132.126 ,00-0B-AB-B3-86-D4|00-0B-AB-B3-60-A4
165,DESKTOP-89CM9MA,Conformal Coat,desktop-89cm9ma\conformalcoatmanual, C X N 3 X 5 2               , D e l l   I n c .           ,I n s p i r o n   3 2 5 2     ,Windows 10,10.207.134.34 ,64-00-6A-15-E3-63|4C-BB-58-DA-5A-7A|4E-BB-58-DA-5A-7A|4C-BB-58-DA-5A-7B
166,CC-Line-2-Scan-Out,Conformal Coat,cc-line-2-scan-\ccinsp2, 3 C Z 4 8 7 2               , D e l l   I n c .           , I n s p i r o n   2 0 - 3 0 5 2     ,Windows 10,10.207.128.105 ,48-4D-7E-9A-67-B3|90-CD-B6-0B-6B-96
167,PVA-W6188,Conformal Coat,pva-w6188\pva, H F H 1 C 4 2               , D e l l   I n c .     , O p t i P l e x   X E 2     ,Windows 7,100.100.100.100|10.207.132.129 ,A0-36-9F-6C-92-1B|A0-36-9F-6C-92-1A|98-90-96-BD-5F-25
168,PVA-W6187a,Conformal Coat,pva-w6187a\pva, G W C T B 4 2               , D e l l   I n c .           , O p t i P l e x   X E 2     ,Windows 7,100.100.100.100|10.207.128.9 ,A0-36-9F-5C-DE-EE|A0-36-9F-5C-DE-EF|98-90-96-BD-71-62
169,CC-Line-2-Scan-In,Conformal Coat,cc-line-2-scan-\production pc,                             , D e l l   I n c .           , I n s p i r o n   2 0   M o d e l   3 0 4 3     ,Windows 10,10.207.128.132 ,4C-BB-58-F2-76-5F|1E-BB-58-F2-76-5F|2E-BB-58-F2-76-5F|20-47-47-70-33-3D|4C-BB-58-F2-76-60
170,CC-Line-4-Scan-Out,Conformal Coat,cc-line-4-scan-\delphi, 7 W H M R R 2               , D e l l   I n c .           , O p t i P l e x   3 0 5 0     ,Windows 10,10.207.135.84 ,B8-85-84-A2-51-9E
171,PVA-W6533,Conformal Coat,pva-w6533\pva,,Dell Inc.,OptiPlex XE1,Windows 7,100.100.100.100|10.207.135.66,A0-36-9F-B3-5C-1D|18-66-DA-25-0C-3B
172,PVA-W6532,Conformal Coat,pva-w6532\pva,,Dell Inc.,OptiPlex XE2,Windows 7,100.100.100.100|10.207.135.59,A0-36-9F-9B-39-95|A0-36-9F-9B-39-94
173,CC-Line-4-Scan-In,Conformal Coat,cc-line-4-scan-\delphi, 7 W K G R R 2               , D e l l   I n c .           , O p t i P l e x   3 0 5 0     ,Windows 10,10.207.135.143 ,B8-85-84-A2-52-6E
174,Computer Removed,Conformal Coat,Computer Removed,Computer Removed,Computer Removed,Computer Removed,Computer Removed,Computer Removed,Computer Removed
175,DESKTOP-22T45SO,Conformal Coat,desktop-22t45so\conformal, 2 D R 0 D D 2               , D e l l   I n c .           , O p t i P l e x   3 0 4 0     ,Windows 10,10.207.128.21 ,18-66-DA-1C-AD-41
176,PVA-W4669,Conformal Coat,pva-w4669\delp2872, H D 1 T 0 R 1               , D e l l   I n c .           , O p t i P l e x   3 9 0     ,Windows 7,10.207.128.35|192.168.16.100|100.100.100.100 ,68-05-CA-00-F6-FA|00-1B-21-C6-E0-5B|D0-67-E5-02-8E-D3
177,PVA3-W4668,Conformal Coat,pva3-w4668\pva, H C T V 0 R 1               , D e l l   I n c .           , O p t i P l e x   3 9 0     ,Windows 7,10.207.128.34|192.168.11.1|100.100.100.100 ,68-05-CA-00-F6-66|00-1B-21-C6-E0-6C|D0-67-E5-0B-44-2B
178,DESKTOP-TG2LQPS,Conformal Coat,desktop-tg2lqps\conformal, 2 G S 1 D D 2               , D e l l   I n c .           , O p t i P l e x   3 0 4 0     ,Windows 10,10.207.128.63,18-66-DA-1C-76-A2
179,DESKTOP-3CNM9HE,Conformal Coat,desktop-3cnm9he\borgwarner1,                             , D e l l   I n c .           , I n s p i r o n   2 0   M o d e l   3 0 4 3     ,Windows 10, ,20-47-47-73-28-DD|1A-E2-44-A3-4A-5D|2A-E2-44-A3-4A-5D|48-E2-44-A3-4A-5D
180,i3070SGH533RCON,Conformal Coat,i3070SGH533RCON\user,,Hewlett-Packard,HP rp5800,Windows 7,10.3.112.10|10.207.128.8,68-05-CA-39-E9-92|EC-B1-D7-43-BC-27
181,i3070SGH112PVZY,Conformal Coat,I3070SGH112PVZY\user,S G H 1 1 2 P V Z Y,H e w l e t t - P a c k a r d,H P   r p 5 7 0 0   B u s i n e s s   S y s t e m,Windows XP,10.3.112.10|10.207.128.30,00-10-18-80-EB-EE|00-23-24-2D-F2-93
182,i3070SGH533RC0N,Conformal Coat,i3070SGH533RC0N\operator, S G H 5 3 3 R C 0 N         , H e w l e t t - P a c k a r d     , H P   r p 5 8 0 0     ,Windows 7,10.3.112.10|10.207.128.8 ,68-05-CA-39-E9-92|EC-B1-D7-43-BC-27
183,i3070SGH223TKMH,Conformal Coat,i3070SGH223TKMH\operator, S G H 2 2 3 T K M H         , H e w l e t t - P a c k a r d     , H P   r p 5 7 0 0   B u s i n e s s   S y s t e m     ,Windows 7,10.3.112.10|10.207.128.31 ,00-10-18-B1-F5-90|78-E3-B5-D1-62-E3
184,DESKTOP-BT3ZMD2,Conformal Coat,desktop-bt3zmd2\operator, B T 3 Z M D 2               , D e l l   I n c .           , O p t i P l e x   3 0 4 0     ,Windows 10,10.207.128.110 ,18-66-DA-43-09-24
185,DESKTOP-RCVTQ8B,Conformal Coat,desktop-rcvtq8b\fisstation, B T 5 4 N D 2               , D e l l   I n c .           , O p t i P l e x   3 0 4 0     ,Windows 10,10.207.128.240 ,18-66-DA-43-9C-70
186,PrsUser-HP,Conformal Coat,prsuser-hp\fisprs, M X L 2 5 1 0 M H H         , H e w l e t t - P a c k a r d     , H P   C o m p a q   E l i t e   8 3 0 0   S F F     ,Windows 7,10.207.128.71 ,B4-B5-2F-D4-BA-DA
187,WSINSP5,Handplace West,wsinsp5\paperless_desk_one, B T 4 2 N D 2               , D e l l   I n c .           , O p t i P l e x   3 0 4 0     ,Windows 10,10.207.128.47 ,18-66-DA-43-9D-81
188,AOI-XXXX,Handplace West,aoi-xxxx\aoi, M X L 9 1 0 1 Y 8 8         , H P                         , H P   Z 4   G 4   W o r k s t a t i o n     ,Windows 10,10.207.128.249,C8-D9-D2-05-0D-A5|C8-D9-D2-05-0D-A4
189,S013B-17I0032,Handplace West,s013b-17i0032\bediener, P C 0 H T Z 5 H             , L E N O V O                 , 1 0 F X S 2 5 Y 0 0     ,Windows 10,129.202.101.2|10.207.128.115,1C-66-6D-94-CA-15|68-05-CA-47-99-19
190,AOI-2090,Handplace West,aoi-2090\aoi, T o   B e   F i l l e d   B y   O . E . M .     , T o   B e   F i l l e d   B y   O . E . M .     , T o   B e   F i l l e d   B y   O . E . M .     ,Windows 10,10.207.128.246 ,D0-50-99-D2-A0-77|D0-50-99-D2-A0-78
191,DESKTOP-79UJD4S,Handplace West,desktop-79ujd4s\ersafrontofline, B T 3 4 N D 2               , D e l l   I n c .           , O p t i P l e x   3 0 4 0     ,Windows 10,10.207.128.190,18-66-DA-42-F7-5E
192,DESKTOP-B4PMR50,Handplace West,desktop-b4pmr50\delphi, 3 W 1 X Y H 2               , D e l l   I n c .           , I n s p i r o n   2 2 - 3 2 6 5     ,Windows 10,,"50-9A-4C-32-D8-FC,CC-2F-71-F6-45-1E,CC-2F-71-F6-45-1F|CC-2F-71-F6-45-22"
193,DESKTOP-BN7UIEH,Handplace West,desktop-bn7uieh\ersapc, 2 F D B Z H 2               , D e l l   I n c .           , I n s p i r o n   2 2 - 3 2 6 5     ,Windows 10,,8C-EC-4B-47-31-DB|44-03-2C-39-04-5E|44-03-2C-39-04-5F|44-03-2C-39-04-62
194,DESKTOP-R01RJMP,Handplace West,desktop-r01rjmp\delphi, H 8 5 W Y H 2               , D e l l   I n c .           , I n s p i r o n   2 2 - 3 2 6 5     ,Windows 10, ,50-9A-4C-2B-37-9E|CC-2F-71-23-79-D1|CC-2F-71-23-79-D2|CC-2F-71-23-79-D5
195,DESKTOP-SHO2K2K,Handplace West,desktop-sho2k2k\sticklead5, D e f a u l t   s t r i n g     , A Z W                       , U 5 5         ,Windows 10,10.207.128.41 ,50-2F-9B-5F-B8-33|50-2F-9B-5F-B8-34|52-2F-9B-5F-B8-33|5C-85-7E-4F-87-5E|50-2F-9B-5F-B8-37
196,AOI-29D9,Handplace West,aoi-29d9\aoi, 2 U A 8 2 8 2 9 D 9         , H P                         , H P   Z 4   G 4   W o r k s t a t i o n     ,Windows 10,10.207.128.182 ,18-60-24-B2-36-0B|18-60-24-B2-36-0A
197,DESKTOP-MLVIM3F,Handplace West,desktop-mlvim3f\ersa1paperless, 4 T J L 4 Z 2               , D e l l   I n c .           , O p t i P l e x   3 0 6 0     ,Windows 10,10.207.132.75 ,E4-54-E8-9B-78-CC
198,DESKTOP-EJCO2O5,Handplace West,desktop-ejco2o5\ersa, S 4 G K 8 6 8 0             , L E N O V O                 , 1 0 M L S 2 X L 0 0     ,Windows 10,10.207.128.27|129.202.101.2 ,FC-34-97-1E-79-14|F4-93-9F-EC-34-15
199,AOI-2093,Handplace West,aoi-2093\aoi, T o   B e   F i l l e d   B y   O . E . M .     , T o   B e   F i l l e d   B y   O . E . M .     , T o   B e   F i l l e d   B y   O . E . M .     ,Windows 10,10.207.128.73 ,D0-50-99-D2-A1-0D|D0-50-99-D2-A1-0E
200,DESKTOP-Q8TM3UQ,Handplace West,desktop-q8tm3uq\ersa pc, B T 7 5 N D 2               , D e l l   I n c .           , O p t i P l e x   3 0 4 0     ,Windows 10,,18-66-DA-43-9F-90
201,ERSA_WI1,Handplace West,ersa_wi1\delphi, B T 5 5 N D 2               , D e l l   I n c .           , O p t i P l e x   3 0 4 0     ,Windows 10,,18-66-DA-43-A2-E1
202,ERSA_WI_2,Handplace West,ersa_wi_2\delphi, B T 4 X M D 2               , D e l l   I n c .           , O p t i P l e x   3 0 4 0     ,Windows 10,,18-66-DA-43-9C-9C
203,DESKTOP-LRRQHGT,Handplace West,desktop-lrrqhgt\workinstructionsph1, 7 3 S C 8 7 2               , D e l l   I n c .           , I n s p i r o n   2 0 - 3 0 5 2     ,Windows 10,,48-4D-7E-A4-A2-6A|94-53-30-BD-BE-81|16-53-30-BD-BE-81|94-53-30-BD-BE-82
204,ERSA_PRS_1,Handplace West,ersa_prs_1\ersa prs, H 2 0 T 9 Z 2               , D e l l   I n c .           , O p t i P l e x   3 0 6 0     ,Windows 10,10.207.128.136 ,E4-54-E8-6D-B3-2E
205,WINDOWS-0J0M78T,Handplace West,windows-0j0m78t\microbase, T o   b e   f i l l e d   b y   O . E . M .     , T o   b e   f i l l e d   b y   O . E . M .     , T o   b e   f i l l e d   b y   O . E . M .     ,Windows 7,10.207.132.73 ,00-0B-AB-85-77-97|00-0B-AB-85-77-96
206,LEBSticklead,Handplace West,,                   , I N T E L R                 , A W R D A C P I     ,Windows XP,10.207.128.219,00-0B-AB-3A-50-0A
207,SAYAKA-NJ1287,Handplace West,,, I N T E L R                 , A W R D A C P I     ,Windows XP,,00-03-1D-08-2D-94|00-03-1D-08-2D-93
208,X3-53118,Handplace West,x3-53118\root, 4 0 0 5 0 6                 , S u p e r m i c r o         , X 1 0 S R i - F     ,Windows 10,10.207.128.45|172.31.0.1 ,0C-C4-7A-DC-B8-28|0C-C4-7A-DC-B8-29
209,VERA-58xyk,Handplace West,vera-58xyk\root, 4 0 9 9 0 4                 , S u p e r m i c r o         , X 1 0 S R i - F     ,Windows 10,10.207.128.87 ,AC-1F-6B-02-22-D8|AC-1F-6B-02-22-D9
210,YesTechAOI-1RXX,Handplace West,yestechaoi-1rxx\yestech,,,,Windows 7,10.207.128.156,50-65-F3-44-55-DD
211,DFVBTF82,Handplace West,dfvbtf82\adminpillar, F V B T F 8 2               , D e l l   I n c .           , O p t i P l e x   X E 2     ,Windows 8,,64-00-6A-63-54-A3
212,DFV7TM62,Handplace West,dfv7tm62\adminpillar, F V 7 T M 6 2               , D e l l   I n c .           , O p t i P l e x   X E 2     ,Windows 8, ,64-00-6A-63-5E-F1
213,TTTSL4,Handplace West,tttsl4\cimplecell, T o   b e   f i l l e d   b y   O . E . M .     , T o   b e   f i l l e d   b y   O . E . M .     , T o   b e   f i l l e d   b y   O . E . M .     ,Windows 7,10.207.128.93,00-0B-AB-97-0C-67|00-0B-AB-97-0C-66
214,Computer not Responding,Handplace West,Computer not Responding,Computer not Responding,Computer not Responding,Computer not Responding,Computer not Responding,Computer not Responding,Computer not Responding
215,Computer not Responding,Handplace West,Computer not Responding,Computer not Responding,Computer not Responding,Computer not Responding,Computer not Responding,Computer not Responding,Computer not Responding
216,WINDOWS-KOU4M9F,Handplace West,windows-kou4m9f\microbase, T o   b e   f i l l e d   b y   O . E . M .     , T o   b e   f i l l e d   b y   O . E . M .     , T o   b e   f i l l e d   b y   O . E . M .     ,Windows 7, ,00-0B-AB-C8-FF-BB|00-0B-AB-CB-07-70
217,YesYechAOI-07LN,Handplace East,yesyechaoi-07ln\yesyech aoi-07ln, B T 5 2 N D 2               , D e l l   I n c .           , O p t i P l e x   3 0 4 0     ,Windows 7,10.207.128.184 ,EC-B1-D7-5B-B4-FA
218,SL2PAPERLESS,Handplace East,sl2paperless\smallconformalcoat,,,,Windows 10,10.207.128.242,18-66-DA-43-09-35
219,elite,Handplace East,,          ,                     ,    ,Windows XP,10.10.10.2,00-30-18-B0-5A-53
220,TTTSL2,Handplace East,,                             ,,,Windows XP,10.207.128.120,00-80-4C-44-0D-9F
221,DESKTOP-QB00K62,Handplace East,desktop-qb00k62\stickleadworkinstruc, 3 7 K 5 8 7 2               , D e l l   I n c .           , I n s p i r o n   2 0 - 3 0 5 2     ,Windows 10,,48-4D-7E-9E-6D-07|90-CD-B6-0A-94-65|12-CD-B6-0A-94-65|90-CD-B6-0A-94-66
222,Computer not Responding,Handplace East,Computer not Responding,Computer not Responding,Computer not Responding,Computer not Responding,Computer not Responding,Computer not Responding,Computer not Responding
223,DESKTOP-9E1DVLU,Handplace East,desktop-9e1dvlu\kmsfis, F Q R C 8 7 2               , D e l l   I n c .           , I n s p i r o n   2 0 - 3 0 5 2     ,Windows 10,,48-4D-7E-A4-A3-4D|16-53-30-BD-EF-FD|94-53-30-BD-EF-FD|94-53-30-BD-EF-FE
224,DESKTOP-NELUF8G,Handplace East,desktop-neluf8g\workinstructionone, J 8 S C 8 7 2               , D e l l   I n c .           , I n s p i r o n   2 0 - 3 0 5 2     ,Windows 10, ,48-4D-7E-A4-A2-A9|94-53-30-BE-03-47|16-53-30-BE-03-47|94-53-30-BE-03-48
225,DESKTOP-J53PN1K,Handplace East,desktop-j53pn1k\borgwarner, M P 1 0 R F K 4             , L E N O V O                 , F 0 B F 0 0 1 6 U S     ,Windows 10,10.207.128.20 ,1C-39-47-29-62-D4|32-52-CB-6A-B9-F7|42-52-CB-6A-B9-F7|30-52-CB-6A-B9-F7|30-52-CB-6A-B9-F8
226,kmsmfg0025,Handplace East,kmsmfg0025\delphi, B T 7 4 N D 2               , D e l l   I n c .           , O p t i P l e x   3 0 4 0     ,Windows 10,10.207.128.69 ,18-66-DA-43-9C-05
227,WAVSOLDER-L1-PRS,Handplace East,wavsolder-l1-pr\paperless_desk_one, B T 5 3 N D 2               , D e l l   I n c .           , O p t i P l e x   3 0 4 0     ,Windows 10,10.207.128.104 ,18-66-DA-42-FC-1E
228,YesTechAOI-07LS,Handplace East,yestechaoi-07ls\yestech, M X L 5 3 9 0 7 L S         , H e w l e t t - P a c k a r d     , H P   E l i t e D e s k   8 0 0   G 1   T W R     ,Windows 7,10.207.128.183 ,EC-B1-D7-60-62-16
229,elite,Handplace East,,                             ,        ,           ,Windows XP,10.10.10.2,00-30-18-A2-99-A9
230,TTTSL1,Handplace East,, 0 1 2 3 4 5 6 7 8 9         , P h o e n i x A w a r d     , 9 4 5 G M     ,Windows XP,10.207.128.83,00-80-4C-A4-83-04
231,SMT Camera Monitor,Handplace East,,,,,,,
232,DESKTOP-AP5OTQK,Handplace East,desktop-ap5otqk\sticklead line1, 9 0 H C 8 7 2               , D e l l   I n c .           , I n s p i r o n   2 0 - 3 0 5 2     ,Windows 10, ,48-4D-7E-A3-66-CC|12-CD-B6-0A-F5-19|90-CD-B6-0A-F5-19|90-CD-B6-0A-F5-1A
233,DESKTOP-0II4HCE,Handplace East,desktop-0ii4hce\stick lead line 1, G R R C 8 7 2               , D e l l   I n c .   , I n s p i r o n   2 0 - 3 0 5 2     ,Windows 10,,48-4D-7E-A4-A1-25|94-53-30-BE-1E-99|16-53-30-BE-1E-99|94-53-30-BE-1E-9A
234,TPIMVIPERSL1,Handplace East,, 0 1 2 3 4 5 6 7 8 9         , P h o e n i x A w a r d     , 9 4 5 G M     ,Windows XP,10.207.128.158,00-80-4C-A4-8A-7A
235,DESKTOP-K0D396L,SMT West,desktop-k0d396l\smtmicroscope, M X L 2 0 2 3 P 0 Q         , H P                         , H P   Z 2   G 8   S F F   W o r k s t a t i o n   D e s k t o p   P C     ,Windows 10,10.207.128.162,00-68-EB-9D-0C-02
236,DESKTOP-PDEA66V,SMT West,desktop-pdea66v\maint feeder repair,7 B G Z 2 W 2               ,D e l l   I n c .           , O p t i P l e x   3 0 6 0     ,Windows 10,,6C-2B-59-E5-B7-AB
237,LBL_PrintStatio,SMT West,lbl_printstatio\lbl_printstation_4, G N K H R D 2               , D e l l   I n c .           , O p t i P l e x   3 0 4 0     ,Windows 7,10.207.128.230 ,18-66-DA-39-F5-48
238,kmsmtslsb,SMT West,,          ,    ,   ,Windows XP,10.207.128.102,00-13-72-23-75-2A
239,AP-SL-00883R,SMT West,ap-sl-00883r\kohyoung, 6 C R 7 2 4 W 1 1 3         , H P                         , H P   Z 2 4 0   T o w e r   W o r k s t a t i o n     ,Windows 7,10.207.128.122 ,C8-D3-FF-BB-81-7F
240,AP-SL-00883,SMT West,ap-sl-00883\z840, 6 C R 7 2 3 W Y P D         , H e w l e t t - P a c k a r d     , H P   Z 8 4 0   W o r k s t a t i o n     ,Windows 7,10.207.128.121|192.168.240.2 ,A0-8C-FD-F0-49-67|A0-8C-FD-F0-49-66
241,ASYS31108443846,SMT West,asys31108443846\administrator,,FUJITSU,D2836-S1,,10.10.10.2|10.207.128.201,00-19-99-B8-35-A7|00-19-99-B8-35-A8
242,ITWEAE204-03,SMT West,itweae204-03\machine, _                           , _                           , _             ,Windows 7,10.10.10.2 ,00-30-18-09-A8-E6
243,ERSA_3,SMT West,ersa_3\delphi, 7 W J H R R 2               , D e l l   I n c .           , O p t i P l e x   3 0 5 0     ,Windows 10,10.207.128.157 ,B8-85-84-A2-53-88
244,SR128_154,SMT West,sr128_154\operator, B 9 8 5 4 3 6 4             , S I E M E N S   A G         , S I M A T I C   B O X   P C   6 2 7 B / P A N E L   P C   6 7 7 B   P r o f i b u s     ,Windows 7,10.207.128.154 ,00-1B-1B-08-95-CE|00-1B-1B-08-95-CF
245,SR128_153,SMT West,sr128_153\operator, B 9 8 5 4 3 6 1             , S I E M E N S   A G         , S I M A T I C   B O X   P C   6 2 7 B / P A N E L   P C   6 7 7 B   P r o f i b u s     ,Windows 7,10.207.128.153 ,00-1B-1B-08-95-C8|00-1B-1B-08-95-C9
246,SR128_152,SMT West,sr128_152\operator, B 9 8 5 4 3 4 2             , S I E M E N S   A G         , S I M A T I C   B O X   P C   6 2 7 B / P A N E L   P C   6 7 7 B   P r o f i b u s     ,Windows 7,10.207.128.152 ,00-1B-1B-08-9D-34|00-1B-1B-08-9D-35
247,SR128_151,SMT West,sr128_151\operator, 2 0 1 2 0 6 2 3 7 4         ,                             , A B P 4 0 2 - A ( S X )     ,Windows 10,10.207.128.151 ,00-03-2D-4C-B2-53|00-03-2D-4C-B2-52
248,5P2NCV2,SMT West,5p2ncv2\mso_fvs, 5 P 2 N C V 2               , D e l l   I n c .           , O p t i P l e x   3 0 6 0     ,Windows 7,10.207.128.25 ,6C-2B-59-C8-50-3C
249,ASPI-AL252,SMT West,aspi-al252\spi, D e f a u l t   s t r i n g     , D e f a u l t   s t r i n g     , D e f a u l t   s t r i n g     ,Windows 7,10.207.128.191 ,C4-00-AD-4A-11-88|C4-00-AD-4A-11-89
250,DEK_305663,SMT West,dek_305663\dek printer, O E M                       , O E M                       , O E M         ,Windows 7,10.207.128.99 ,00-01-29-02-CC-6D
251,DESKTOP-6MPGQF8,SMT West,desktop-6mpgqf8\mts, D e f a u l t   s t r i n g     , A Z W                       , U 5 5         ,Windows 10,10.207.128.74 ,5C-85-7E-4F-98-45
252,SXLINE4-WIN10,SMT West,sxline4-win10\supervisor, 5 P 1 S C V 2               , D e l l   I n c .           , O p t i P l e x   3 0 6 0     ,Windows 10,10.207.128.150 ,6C-2B-59-C8-32-37
253,SR128_129,SMT West,sr128_129\operator, B 2 8 5 3 9 3 8             , S I E M E N S   A G         , S I M A T I C   B O X   P C   6 2 7 B / P A N E L   P C   6 7 7 B   P r o f i b u s     ,Windows 7,10.207.128.129,00-0E-8C-EB-48-4C|00-0E-8C-EB-48-4D
254,SR128_128,SMT West,sr128_128\operator, D N 9 5 5 3 9 3             , S I E M E N S   A G         , S I M A T I C   I P C 6 2 7 C   P R O F I B U S     ,Windows 7,10.207.128.128,00-1B-1B-81-C1-48|00-1B-1B-81-68-91
255,SR128_127,SMT West,sr128_127\operator, B 5 8 5 6 6 4 1             , S I E M E N S   A G         , S I M A T I C   B O X   P C   6 2 7 B / P A N E L   P C   6 7 7 B   P r o f i b u s     ,Windows 7,10.207.128.127,00-0E-8C-EC-0A-93|00-0E-8C-EC-0A-94
256,SR128_126,SMT West,sr128_126\operator, B 2 8 5 3 9 3 9             , S I E M E N S   A G         , S I M A T I C   B O X   P C   6 2 7 B / P A N E L   P C   6 7 7 B   P r o f i b u s     ,Windows 7,10.207.128.126,00-0E-8C-EB-48-58|00-0E-8C-EB-48-59
257,AP-SL-00885R,SMT West,ap-sl-00885r\kohyoung, 6 C R 7 2 4 W 1 1 9         , H P                         , H P   Z 2 4 0   T o w e r   W o r k s t a t i o n     ,Windows 7,10.207.128.149 ,C8-D3-FF-B6-D2-0B
258,AP-SL-00885,SMT West,ap-sl-00885\z840, 6 C R 7 2 3 W Y P J         , H e w l e t t - P a c k a r d     , H P   Z 8 4 0   W o r k s t a t i o n     ,Windows 7,10.207.128.148|192.168.240.2 ,A0-8C-FD-F0-49-11|A0-8C-FD-F0-49-10
259,ASYS33921640094,SMT West,asys33921640094\administrator,,EXTRA Computer GmbH,D3236-S1,Windows 7,10.10.10.2|10.207.128.135,68-05-CA-90-73-3A|4C-52-62-11-6E-35
260,ITWEA204-03,SMT West,itweae204-03\machine,,_,_,Windows 7,10.10.10.2,00-30-18-09-A8-40
261,5P2MCV2,SMT West,5p2mcv2\mso_fvs, 5 P 2 M C V 2               , D e l l   I n c .           , O p t i P l e x   3 0 6 0     ,Windows 10,10.207.128.66 ,6C-2B-59-C8-37-B7
262,ASPI-AL199,SMT West,aspi-al199\spi, D e f a u l t   s t r i n g     , D e f a u l t   s t r i n g     , D e f a u l t   s t r i n g     ,Windows 7,10.207.128.134 ,C4-00-AD-4B-16-EA|C4-00-AD-4B-16-EB
263,DEK_304046,SMT West,dek_304046\dek printer, T o   b e   f i l l e d   b y   O . E . M .     , D F I   I n c .             , H D 3 3 0 - H 8 1 C     ,Windows 7,,00-01-29-87-16-D7|00-01-29-87-16-D6
264,DESKTOP-GIQ7C5F,SMT East,desktop-giq7c5f\delphi,,,,Windows 10,10.207.128.119 ,18-66-DA-43-00-95
265,SXLINE3-WIN10,SMT East,sxline3-win10\supervisor, 5 P 2 P C V 2               , D e l l   I n c .           , O p t i P l e x   3 0 6 0     ,Windows 10,10.207.128.130 ,6C-2B-59-C8-4F-D3
266,TO220_1_AOI,SMT East,to220_1_aoi\user, D e f a u l t   s t r i n g     , D e f a u l t   s t r i n g     , D e f a u l t   s t r i n g     ,Windows 7,10.207.128.186 ,00-0B-AB-E5-D7-86|00-0B-AB-E5-D7-85
267,DESKTOP-25JT1JM,SMT East,desktop-25jt1jm\smt line 1, H H T 9 7 7 2               , D e l l   I n c .           , I n s p i r o n   2 0 - 3 0 5 2     ,Windows 10,10.207.128.94 ,44-1C-A8-32-2B-AF|16-1C-A8-32-2B-AF|26-1C-A8-32-2B-AF|F4-8E-38-8D-1D-71|44-1C-A8-32-2B-B0
268,Delphi-PC-PC,SMT East,delphi-pc-pc\delphi-pc, 3 7 H J N S 1               , D e l l   I n c .           , O p t i P l e x   3 9 0     ,Windows 7,10.207.128.236 ,D4-BE-D9-D8-96-45
269,DESKTOP-F21AFSV,SMT East,desktop-f21afsv\delphi, B T 7 1 N D 2               , D e l l   I n c .           , O p t i P l e x   3 0 4 0     ,Windows 10,10.207.128.115,18-66-DA-43-9C-E3
270,Maintenance-PC,SMT East,maintenance-pc\maintenance, F S F T L Q 1               , D e l l   I n c .           , L a t i t u d e   E 5 4 2 0     ,Windows 7,,94-39-E5-4F-A9-37|D0-67-E5-38-F1-65
271,Speedline,SMT East,speedline\machine, T o   b e   f i l l e d   b y   O . E . M .     , G i g a b y t e   T e c h n o l o g y   C o .  L t d .     , T o   b e   f i l l e d   b y   O . E . M .     ,Windows 7,10.10.10.2 ,FC-AA-14-94-D3-2C
272,KMSTO220PLC2-01,SMT East,kmsto220plc2-01\cimplecell, T o   b e   f i l l e d   b y   O . E . M .     , T o   b e   f i l l e d   b y   O . E . M .     , T o   b e   f i l l e d   b y   O . E . M .     ,Windows 7,10.207.128.140|192.168.1.30 ,00-0B-AB-BA-76-4F|00-0B-AB-BA-76-4E
273,KMSTO220PLC1-01,SMT East,, 0 1 2 3 4 5 6 7 8 9, P h o e n i x A w a r d , 9 4 5 G M  ,Windows XP,10.207.128.42,00-80-4C-A4-87-4F
274,KMSTO220DISP-01,SMT East,, 0 1 2 3 4 5 6 7 8 9         , P h o e n i x A w a r d     , 9 4 5 G M     ,Windows XP,10.207.128.39,00-80-4C-A4-87-3E
275,WINDOWS-NUCQ63M,SMT East,windows-nucq63m\microbase, T o   b e   f i l l e d   b y   O . E . M .     , T o   b e   f i l l e d   b y   O . E . M .     , T o   b e   f i l l e d   b y   O . E . M .     ,Windows 7,10.207.128.187 ,00-0B-AB-D7-CC-7D|00-0B-AB-D7-BA-41
276,WINDOWS-T66SL80,SMT East,windows-t66sl80\microbase, T o   b e   f i l l e d   b y   O . E . M .     , T o   b e   f i l l e d   b y   O . E . M .     , T o   b e   f i l l e d   b y   O . E . M .     ,Windows 7,10.207.129.11 ,00-0B-AB-E1-78-FC|00-0B-AB-E2-8F-E9
277,USER-BC1FEB36F8,SMT East,,                             ,                ,,Windows XP,,
278,DESKTOP-U00N12B,SMT East,desktop-u00n12b\productionpc, 4 C I 5 3 6 0 J G 3         , H P                         , 4 5 0 - a 1 1 4     ,Windows 10,10.207.128.133 ,60-6D-C7-5D-35-B7|62-6D-C7-5D-35-B7|60-6D-C7-5D-35-B7|EC-B1-D7-40-E3-5D
279,microsys-6970b5,SMT East,,           , I N T E L R , A W R D A C P I     ,Windows XP,10.207.128.248,00-90-FB-82-6A-08
280,DESKTOP-KNFHRU7,SMT East,desktop-knfhru7\user, D e f a u l t   s t r i n g     , D e f a u l t   s t r i n g     , D e f a u l t   s t r i n g     ,Windows 10,192.168.1.250|192.168.2.1 ,74-FE-48-4C-97-AE|74-FE-48-4C-97-AD|74-FE-48-50-31-7C|74-FE-48-50-31-7D|74-FE-48-50-31-7E|74-FE-48-50-31-7F|B4-96-91-8B-25-34|B4-96-91-8B-25-35|B4-96-91-8B-25-36|B4-96-91-8B-25-37
281,SMTREWORK-PC,SMT East,smtrework-pc\paperless_desk_one, B T 3 2 N D 2               , D e l l   I n c .           , O p t i P l e x   3 0 4 0     ,Windows 10,10.207.128.60 ,18-66-DA-43-9E-E9
282,AP-SL-00884R,SMT East,ap-sl-00884r\kohyoung, 6 C R 7 2 4 W 1 0 W         , H P                         , H P   Z 2 4 0   T o w e r   W o r k s t a t i o n     ,Windows 7,10.207.128.144 ,C8-D3-FF-BB-81-50
283,AP-SL-00884,SMT East,ap-sl-00884\z840, 6 C R 7 2 3 W Y P H         , H e w l e t t - P a c k a r d     , H P   Z 8 4 0   W o r k s t a t i o n     ,Windows 7,10.207.128.137|192.168.240.2 ,70-5A-0F-4B-56-DC|70-5A-0F-4B-56-DB
284,ASYS33921635080,SMT East,asys33921635080\administrator,,EXTRA Computer GmbH,D3236-S1,Windows 7,10.10.10.2|10.207.128.111,68-05-CA-90-73-42|4C-52-62-11-6E-AC|4C-52-62-10-61-85
285,TUNE-58xag,SMT East,tune-58xag\apps, 3 9 8 9 8 5                 , S u p e r m i c r o         , X 1 0 S R i - F     ,Windows 10,10.207.128.44|10.207.128.160 ,0C-C4-7A-DC-8D-92|0C-C4-7A-DC-8D-93
286,SXLINE1-WIN10,SMT East,sxline1-win10\supervisor, 5 P 2 Q C V 2               , D e l l   I n c .           , O p t i P l e x   3 0 6 0     ,Windows 10,10.207.128.55 ,6C-2B-59-C8-32-35
287,AP-SL-00883E,SMT East,ap-sl-00883e\kohyoung, 6 C R 7 2 4 W 1 0 X         , H P                         , H P   Z 2 4 0   T o w e r   W o r k s t a t i o n     ,Windows 7,10.207.128.123 ,C8-D3-FF-B6-D2-12
288,ITWEAE204-03,SMT East,itweae204-03\machine, _                           , _                           , _             ,Windows 7,10.10.10.2 ,00-30-18-09-D2-1E
289,SR128_54,SMT East,sr128_54\operator, B 5 8 5 6 6 1 5             , S I E M E N S   A G         , S I M A T I C   B O X   P C   6 2 7 B / P A N E L   P C   6 7 7 B   P r o f i b u s     ,Windows 7,10.207.128.54,00-0E-8C-EC-0D-9D|00-0E-8C-EC-0D-9E
290,SR128_53,SMT East,sr128_53\operator, B 5 8 5 6 6 0 7             , S I E M E N S   A G         , S I M A T I C   B O X   P C   6 2 7 B / P A N E L   P C   6 7 7 B   P r o f i b u s     ,Windows 7,10.207.128.53 ,00-0E-8C-EC-10-C7|00-0E-8C-EC-10-C8
291,SR128_52,SMT East,sr128_52\operator, B 7 8 5 2 1 0 3             , S I E M E N S   A G         , S I M A T I C   B O X   P C   6 2 7 B / P A N E L   P C   6 7 7 B   P r o f i b u s     ,Windows 7,10.207.128.52 ,00-0E-8C-EC-7E-49|00-0E-8C-EC-7E-4A
292,SR128_51,SMT East,sr128_51\operator, B 5 8 5 6 6 2 1             , S I E M E N S   A G         , S I M A T I C   B O X   P C   6 2 7 B / P A N E L   P C   6 7 7 B   P r o f i b u s     ,Windows 7,10.207.128.51 ,00-0E-8C-EC-0D-95|00-0E-8C-EC-0D-96
293,5P2RCV2,SMT East,5p2rcv2\mso_fvs, 5 P 2 R C V 2               , D e l l   I n c .           , O p t i P l e x   3 0 6 0     ,Windows 10,10.207.128.138 ,6C-2B-59-C8-41-1D
294,ASPI-AL218,SMT East,aspi-al218\spi, D e f a u l t   s t r i n g     , D e f a u l t   s t r i n g     , D e f a u l t   s t r i n g     ,Windows 10,10.207.128.58 ,C4-00-AD-4B-16-D7|C4-00-AD-4B-16-D8
295,DEK_305121,SMT East,dek_305121\dek printer, O E M                       , O E M                       , O E M         ,Windows 7,10.207.128.200 ,00-01-29-1C-73-C8
296,DESKTOP-UM4SP6N,Pack/FSW,desktop-um4sp6n\pack, M J 0 E 4 6 D D             ,L E N O V O                 ,1 0 R S 0 0 4 W U S     ,Windows 10,10.207.136.26 ,54-05-DB-56-59-86|94-E7-0B-9E-2B-41|96-E7-0B-9E-2B-40|94-E7-0B-9E-2B-40|94-E7-0B-9E-2B-44
297,DESKTOP-JG3G52K,Pack/FSW,desktop-jg3g52k\warehouse-label, 4 T J K 4 Z 2               , D e l l   I n c .           , O p t i P l e x   3 0 6 0     ,Windows 10,10.207.136.200 ,E4-54-E8-9B-78-D4
298,WINDOWS-KPMP37D,Pack/FSW,windows-kpmp37d\microbase, T o   b e   f i l l e d   b y   O . E . M .     , T o   b e   f i l l e d   b y   O . E . M .     , T o   b e   f i l l e d   b y   O . E . M .     ,Windows 7,10.207.136.108 ,00-0B-AB-A0-EA-23|00-0B-AB-A2-1B-A5
299,02-03058,Pack/FSW,Hostname/SerialNumber, 0 1 2 3 4 5 6 7 8 9         , P h o e n i x A w a r d     , 9 4 5 G M     ,Windows XP,10.207.136.105,00-80-4C-A4-87-49
300,FSW44863,Pack/FSW,fsw44863\frictionstirwelder,                             , F U J I T S U               , D 3 2 4 3 - S 1     ,Windows 7,10.207.136.164|192.6.94.100 ,90-1B-0E-6A-42-03|90-1B-0E-86-ED-7C
301,FSW-62552,Pack/FSW,fsw-62552\frictionstirwelder, 6 2 5 5 2                   , D y n i c s   I n c         , D 3 4 3 3 - S 1     ,Windows 7,10.207.136.103 ,90-1B-0E-EE-97-72|90-1B-0E-FF-03-F7
302,KMS-GFE-DEBURR1,Pack/FSW,, 0 1 2 3 4 5 6 7 8 9         , P h o e n i x A w a r d     , 9 4 5 G M     ,Windows XP,10.207.136.6,00-80-4C-A4-83-B3
303,WINDOWS-43PUC2R,Pack/FSW,windows-43puc2r\microbase, T o   b e   f i l l e d   b y   O . E . M .     , T o   b e   f i l l e d   b y   O . E . M .     , T o   b e   f i l l e d   b y   O . E . M .     ,Windows 7,10.207.136.145 ,00-0B-AB-D8-5D-C7|00-0B-AB-DA-16-63
304,WINDOWS-5B356S4,Pack/FSW,windows-5b356s4\microbase, T o   b e   f i l l e d   b y   O . E . M .     , T o   b e   f i l l e d   b y   O . E . M .     , T o   b e   f i l l e d   b y   O . E . M .     ,Windows 7,10.207.136.109 ,00-0B-AB-E2-4F-A2|00-0B-AB-E7-8A-45
305,GRF-PC,Pack/FSW,grf-pc\microbase, T o   b e   f i l l e d   b y   O . E . M .     , T o   b e   f i l l e d   b y   O . E . M .     , T o   b e   f i l l e d   b y   O . E . M .     ,Windows 7,10.207.136.107 ,00-0B-AB-B3-89-99|00-0B-AB-B3-60-9A
306,R7GS013919,Pack/FSW,r7gs013919\cimplecell, T o   b e   f i l l e d   b y   O . E . M .     , T o   b e   f i l l e d   b y   O . E . M .     , T o   b e   f i l l e d   b y   O . E . M .     ,Windows 7,10.207.136.104|192.168.0.10 ,00-0B-AB-E6-3D-CD|00-0B-AB-E6-3D-CC
307,FSW-45801,Pack/FSW,fsw-45801\frictionstirwelder,                             , F U J I T S U               , D 3 2 4 3 - S 1     ,Windows 7,192.6.94.100|10.207.136.101 ,90-1B-0E-6B-3B-C5|90-1B-0E-85-A9-DD
308,Label_Print_2,Pack/FSW,label_print_2\delphi, G N K F R D 2               , D e l l   I n c .           , O p t i P l e x   3 0 4 0     ,Windows 7,10.207.136.123 ,18-66-DA-39-B5-9D
309,DESKTOP-P30IQK7,Pack/FSW,desktop-p30iqk7\packpc, B T 4 W M D 2               , D e l l   I n c .           , O p t i P l e x   3 0 4 0     ,Windows 10,10.207.128.77,18-66-DA-43-9C-35
310,PENLTOFF0203,Pack/FSW,penltoff0203\atibackup, 1 J 0 6 P 7 2               , D e l l   I n c .           , L a t i t u d e   E 7 4 7 0     ,Windows 10,,84-7B-EB-1A-42-DE|6A-14-01-00-73-15|7A-14-01-00-73-15|68-14-01-00-73-15|68-14-01-00-73-16
311,WINDOWS-BHP6T8A,Repair,windows-bhp6t8a\microbase, T o   b e   f i l l e d   b y   O . E . M .     , T o   b e   f i l l e d   b y   O . E . M .     , T o   b e   f i l l e d   b y   O . E . M .     ,Windows 7,10.207.134.175 ,C4-00-AD-11-35-F2|C4-00-AD-11-35-F1
312,LEBRPR-STA2,Repair,lebrpr-sta2\microbase, T o   b e   f i l l e d   b y   O . E . M .     , T o   b e   f i l l e d   b y   O . E . M .     , T o   b e   f i l l e d   b y   O . E . M .     ,Windows 7,10.207.134.238 ,C4-00-AD-28-A0-62|C4-00-AD-28-A0-61
313,DaimlerRepairMB,Repair,daimlerrepairmb\microbase, T o   b e   f i l l e d   b y   O . E . M .     , T o   b e   f i l l e d   b y   O . E . M .     , T o   b e   f i l l e d   b y   O . E . M .     ,Windows 10,192.168.0.100|10.207.128.19 ,C4-00-AD-64-1D-E4|C4-00-AD-64-DE-FA
314,GFESubAssy-3,Repair,,                             , I N T E L R                 , A W R D A C P I     ,Windows XP,10.207.134.3,00-0B-AB-37-D6-6B
315,KMSCCO01,Repair,,                             , I N T E L R                 , A W R D A C P I     ,Windows XP,10.207.134.218,00-0B-AB-34-B2-10
316,USER-0DA50EAF4D,Repair,,                             , I N T E L R                 , A W R D A C P I     ,Windows XP,10.207.134.29,00-0B-AB-3E-14-CD|FF-FF-FF-FF-FF-FF-FF-FF|0A-CF-86-1D
317,kmsprg03,Repair,,                             , I N T E L R                 , A W R D A C P I     ,Windows XP,10.207.134.107,00-0B-AB-35-DC-A2
318,ECDPXI160,Repair,, 0 0 0 0 0 0 0 0 0 0         , N a t i o n a l   I n s t r u m e n t s     , N I   P X I - 8 1 0 5   E m b e d d e d   C o n t r o l l e r     ,Windows XP,192.168.2.2,00-80-2F-10-EB-7B
319,GfeTpimSubAssy2,Repair,,                             , I N T E L R                 , A W R D A C P I     ,Windows XP,10.207.134.243,00-0B-AB-36-53-BB
320,GFE-Serv-Micro,Repair,,                             , I N T E L R                 , A W R D A C P I     ,Windows XP,10.207.134.248,00-0B-AB-3E-14-CE
321,GfeTpimSubAssy1,Repair,,                             , I N T E L R                 , A W R D A C P I     ,Windows XP,10.207.134.4,00-0B-AB-37-D6-61
322,GFE-Serv-Disp2,Repair,,,,,,,
323,GFE-Serv-Disp1,Repair,,,,,Windows XP,,
324,WINDOWS-KF00Q7J,Repair,windows-kf00q7j\microbase, T o   b e   f i l l e d   b y   O . E . M .     , T o   b e   f i l l e d   b y   O . E . M .     , T o   b e   f i l l e d   b y   O . E . M .     ,Windows 7,10.207.134.100 ,00-0B-AB-8E-6D-39|00-0B-AB-8E-6D-38
325,Computer Down,Repair,Computer Down,Computer Down,Computer Down,Computer Down,Computer Down,Computer Down,Computer Down
326,kmshipot03,Repair,,                             , I N T E L R                 , A W R D A C P I     ,Windows XP,10.207.134.236,00-0B-AB-48-64-18
327,USER-8F1E99255C,Repair,,                             , I N T E L R                 , A W R D A C P I     ,Windows XP,10.207.134.98,00-0B-AB-36-53-B9
328,FA4-STA-36,FIP/TO220,fa4-sta-36\microbase, T o   b e   f i l l e d   b y   O . E . M .     , T o   b e   f i l l e d   b y   O . E . M .     , T o   b e   f i l l e d   b y   O . E . M .     ,Windows 7,10.207.134.234 ,00-0B-AB-C1-67-2A|00-0B-AB-C3-17-69
329,WINDOWS-T5AQTRM,CPE Lab,windows-t5aqtrm\user, T o   b e   f i l l e d   b y   O . E . M .     , T o   b e   f i l l e d   b y   O . E . M .     , T o   b e   f i l l e d   b y   O . E . M .     ,Windows 7,10.207.135.199 ,00-0B-AB-C6-0D-7D|00-0B-AB-C5-CF-65
330,CPE-LabelMaker,CPE Lab,cpe-labelmaker\nordson-yestech-ops, 4 X M K 1 8 2               , D e l l   I n c .           , I n s p i r o n   3 8 4 7     ,Windows 10,10.207.135.64 ,B0-C0-90-28-12-F0|12-C0-90-28-12-F0|64-00-6A-34-D4-66|B0-C0-90-28-12-F1
331,ECDPXI258,CPE Lab,ecdpxi258\guest,,,,Windows 7,192.168.2.2 ,00-80-2F-14-4B-DE|00-80-2F-14-4B-DF
332,DESKTOP-3K2HE8E,CPE Lab,desktop-3k2he8e\tensile tester, 9 4 8 K F X 2               , D e l l   I n c .           , O p t i P l e x   3 0 6 0     ,Windows 10,,6C-2B-59-F8-31-8F
333,CMM-PC,CPE Lab,cmm-pc\cmm_pc, 5 G B 8 D V 2               , D e l l   I n c .           , O p t i P l e x   3 0 6 0     ,Windows 10,10.207.133.163 ,6C-2B-59-D1-4D-1B
334,DESKTOP-1E4728E,CPE Lab,desktop-1e4728e\productionpc, 4 C I 5 3 6 0 J F 1         ,H P                         , 4 5 0 - a 1 1 4     ,Windows 10,,EC-B1-D7-43-90-A2|62-6D-C7-06-91-62|60-6D-C7-06-91-62
335,Computer Removed,CPE Lab,Computer Removed,Computer Removed,Computer Removed,Computer Removed,Computer Removed,Computer Removed,Computer Removed
336,TUNE-53124,CPE Lab,tune-53124\root, 4 3 4 7 1 4                 , S u p e r m i c r o         , X 1 0 S R i - F - 4 3 4 7 1 4     ,Windows 7,10.207.135.72 ,AC-1F-6B-46-84-89|AC-1F-6B-46-84-88
337,X-RAY,CPE Lab,, 6 8 B B B M 1               , D e l l   I n c .           , P r e c i s i o n   W o r k S t a t i o n   T 3 4 0 0     ,Windows XP,10.207.134.252,00-26-B9-81-07-D8
338,ECDPXI430,CPE Lab,ecdpxi430\development, N o t   A p p l i c a b l e     , N a t i o n a l   I n s t r u m e n t s     , N I   P X I - 8 1 1 9   E m b e d d e d   C o n t r o l l e r     ,Windows 7,192.168.2.103 ,00-80-2F-18-12-03|00-80-2F-18-12-02
339,LEBFCT3Handler,CPE Lab,lebfct3handler\microbase, T o   b e   f i l l e d   b y   O . E . M .     , T o   b e   f i l l e d   b y   O . E . M .     , T o   b e   f i l l e d   b y   O . E . M .     ,Windows 7,10.207.133.124 ,C4-00-AD-11-33-C3|C4-00-AD-11-33-C2
340,microbase2XDQ7,CPE Lab,microbase2xdq7\microbase, C B P T B X 0 0 5 6 9 6     , A S U S T e K   C o m p u t e r   I N C .     , E T 2 0 1 2 E     ,Windows 7,10.207.133.79 ,B6-DB-C9-B3-41-23|94-DB-C9-B3-41-23|50-46-5D-CF-1F-2A
341,ECDPXI142,CPE Lab,ecdpxi142\administrator, N o t   A p p l i c a b l e     , N a t i o n a l   I n s t r u m e n t s     , N I   P X I - 8 1 0 9   E m b e d d e d   C o n t r o l l e r     ,Windows 7,192.168.2.2|192.168.2.123 ,00-80-2F-15-3D-7B|00-80-2F-15-3D-7C
342,USER-CB7B3A639C,CPE Lab,,                             , I N T E L R                 , A W R D A C P I     ,Windows XP,10.207.134.102,00-0B-AB-3A-4F-FF
343,ECDPXI217,CPE Lab,ecdpxi217\operator, N o t   A p p l i c a b l e     , N a t i o n a l   I n s t r u m e n t s     , N I   P X I - 8 1 0 8   E m b e d d e d   C o n t r o l l e r     ,Windows 7,192.168.2.2 ,00-80-2F-12-8F-C9
344,Computer Down,CPE Lab,Computer Down,Computer Down,Computer Down,Computer Down,Computer Down,Computer Down,Computer Down
345,microbase6WDM7,FIP/TO220,microbase6wdm7\microbase, C B P T B X 0 0 5 7 8 4     , A S U S T e K   C o m p u t e r   I N C .     , E T 2 0 1 2 E     ,Windows 7,10.207.135.119 ,50-46-5D-CF-1E-D2
346,Computer Removed,FIP/TO220,Computer Removed,Computer Removed,Computer Removed,Computer Removed,Computer Removed,Computer Removed,Computer Removed
347,DESKTOP-MPHV6OO,FIP/TO220,desktop-mphv6oo\presentation2, J D 2 N 8 7 2               , D e l l   I n c .           , I n s p i r o n   2 0 - 3 0 5 2     ,Windows 10,,48-4D-7E-B8-60-05|28-56-5A-42-19-CB|1A-56-5A-42-19-CB|28-56-5A-42-19-CC
348,DESKTOP-F0BNM2E,FIP/TO220,desktop-f0bnm2e\kms_manual_sub, 2 1 H C 8 7 2               , D e l l   I n c .           , I n s p i r o n   2 0 - 3 0 5 2     ,Windows 10,10.207.135.62 ,48-4D-7E-A3-65-CD|90-CD-B6-0A-F5-C5|12-CD-B6-0A-F5-C5|22-CD-B6-0A-F5-C5
349,KMSGFETPIMMB1,FIP/TO220,,                             , I N T E L R                 , A W R D A C P I     ,Windows XP,10.207.133.65,00-0B-AB-37-D6-5F
350,TO220-2-AOI,FIP/TO220,to220-2-aoi\user, D e f a u l t   s t r i n g     , D e f a u l t   s t r i n g     , D e f a u l t   s t r i n g     ,Windows 7,10.207.135.112 ,00-0B-AB-E2-E0-87|00-0B-AB-E2-E0-86
351,ITWEAE205-02,FIP/TO220,itweae205-02\machine, _                           , _                           , _             ,Windows 7,10.10.10.2 ,00-30-18-07-58-02
352,KMSTO220PLC2-02,FIP/TO220,kmsto220plc2-02\cimplecell, T o   b e   f i l l e d   b y   O . E . M .     , T o   b e   f i l l e d   b y   O . E . M .     , T o   b e   f i l l e d   b y   O . E . M .     ,Windows 7,10.207.135.131|192.168.0.30 ,00-0B-AB-D9-29-C2|00-0B-AB-D9-29-C1
353,KMSTO220PLC1-02,FIP/TO220,kmsto220plc1-02\cimplecell, T o   b e   f i l l e d   b y   O . E . M .     , T o   b e   f i l l e d   b y   O . E . M .     , T o   b e   f i l l e d   b y   O . E . M .     ,Windows 7,10.207.135.73|192.168.0.20 ,00-0B-AB-D9-29-64|00-0B-AB-D9-29-63
354,KMSTO220DISP-02,FIP/TO220,kmsto220disp-02\cimplecell, T o   b e   f i l l e d   b y   O . E . M .     , T o   b e   f i l l e d   b y   O . E . M .     , T o   b e   f i l l e d   b y   O . E . M .     ,Windows 7,192.168.0.10|10.207.135.132 ,00-0B-AB-B1-46-7E|00-0B-AB-B1-46-7D
355,DESKTOP-R7UQ40R,FIP/TO220,desktop-r7uq40r\diamler pack pc 2, 4 D Q 8 1 T 2               , D e l l   I n c .           , O p t i P l e x   3 0 6 0     ,Windows 10,10.207.135.16 ,54-BF-64-9B-79-D1
356,SPA-LVHEAD-LEAK,FIP/TO220,spa-lvhead-leak\microbase, T o   b e   f i l l e d   b y   O . E . M .     , T o   b e   f i l l e d   b y   O . E . M .     , T o   b e   f i l l e d   b y   O . E . M .     ,Windows 7,10.207.135.27 ,00-0B-AB-A0-E7-50|00-0B-AB-A1-56-2A
357,DESKTOP-HGQ1221,FIP/TO220,desktop-hgq1221\kms, 8 1 P L Q G 2               , D e l l   I n c .           , O p t i P l e x   3 0 4 0     ,Windows 10,10.207.135.107 ,48-4D-7E-D6-E9-3E
358,kmse128247,FIP/TO220,kmse128247\fismts station 1, B T 3 X M D 2, D e l l   I n c ., O p t i P l e x   3 0 4 1,Windows 7,10.207.135.188,18-66-DA-42-FB-BD
359,DESKTOP-K77CDET,FIP/TO220,desktop-k77cdet\operator, B T 3 Y M D 2               , D e l l   I n c .           , O p t i P l e x   3 0 4 0     ,Windows 10,10.207.135.136 ,18-66-DA-43-A1-56
360,KMS-FIP2,FIP/TO220,kms-fip2\cimplecell, T o   b e   f i l l e d   b y   O . E . M .     , T o   b e   f i l l e d   b y   O . E . M .     , T o   b e   f i l l e d   b y   O . E . M .     ,Windows 7,10.207.135.118|192.168.0.10 ,C4-00-AD-0D-37-4E|C4-00-AD-0D-37-4D
361,DESKTOP-EGD3DOR,FIP/TO220,desktop-egd3dor\kms, 3 C L H M F 2     , D e l l   I n c .           , O p t i P l e x   3 0 4 0     ,Windows 10,10.207.135.113 ,18-66-DA-43-75-6D
362,KMS-FIP1,FIP/TO220,, 0 1 2 3 4 5 6 7 8 9         , P h o e n i x A w a r d     , 9 4 5 G M     ,Windows XP,10.207.135.97,00-80-4C-A4-83-55
363,G4-FIP-LEAK-MB,FIP/TO220,g4-fip-leak-mb\microbase, T o   b e   f i l l e d   b y   O . E . M .     , T o   b e   f i l l e d   b y   O . E . M .     , T o   b e   f i l l e d   b y   O . E . M .     ,Windows 7,10.207.135.115 ,00-0B-AB-B3-8A-AB|00-0B-AB-B3-60-B1
364,WINDOWS-67G9G34,Repair,windows-67g9g34\user, T o   b e   f i l l e d   b y   O . E . M .     , T o   b e   f i l l e d   b y   O . E . M .     , T o   b e   f i l l e d   b y   O . E . M .     ,Windows 7,10.207.135.52 ,00-0B-AB-9F-78-0E|00-0B-AB-9F-78-0D
365,GFERepairPC,Daimler Test,gferepairpc\gferepairpc,B T 3 3 N D 2, D e l l   I n c ., O p t i P l e x   3 0 4 0,Windows 10,,18-66-DA-43-A1-FD
366,Micro-MPPSubAsm,LEB,micro-mppsubasm\microbase, T o   b e   f i l l e d   b y   O . E . M .     , T o   b e   f i l l e d   b y   O . E . M ., T o   b e   f i l l e d   b y   O . E . M .,Windows 7,10.207.128.141,00-0B-AB-A0-F1-F4|00-0B-AB-A1-54-9F
